0.5009511	0.14573905	-0.20606332	-0.19250461	-0.5072382	0.50582075	-0.23621826	0.36314625	-0.50972635	0.041481186	0.2505769	-0.6947461	-0.040269244	-0.25211492	0.00922545	-0.019205078	-0.26362404	0.3973831	-0.6387875	-0.20122676	0.01713633	0.4067704	0.63704556	0.19313544	0.15954317	0.23906806	-0.40421578	0.5871155	-0.03843968	-0.048022464
0.5298871	0.17530234	-0.20568117	-0.18622585	-0.5068863	0.49190015	-0.23426448	0.37571332	-0.5100534	0.029772343	0.24580425	-0.6948701	-0.015079778	-0.24186093	0.0015848286	0.009521631	-0.2843457	0.39809817	-0.6554628	-0.216407	0.005013864	0.40691096	0.65171826	0.1876191	0.16545062	0.2276525	-0.43906894	0.6010509	-0.04848261	-0.0592692
0.47283778	0.16374406	-0.16830526	-0.16221333	-0.4767226	0.43589807	-0.21715312	0.34458485	-0.4617152	0.047915418	0.22867705	-0.64534163	-0.032889355	-0.21541393	0.0056002834	0.004404222	-0.24927439	0.36018273	-0.5723462	-0.18878184	0.0080717085	0.353178	0.5552335	0.18129246	0.12435784	0.2119396	-0.38232815	0.52372307	-0.054171156	-0.047610585
0.5033794	0.16490038	-0.20542432	-0.17325923	-0.52411604	0.486428	-0.2441611	0.35760403	-0.5192323	0.052048825	0.23468721	-0.71156186	-0.019447988	-0.26422206	0.0020588075	0.0039612083	-0.2779217	0.37353653	-0.6323782	-0.18662125	0.02736918	0.40320066	0.6166379	0.20449637	0.1391494	0.21370961	-0.41820657	0.58073884	-0.037384838	-0.039193757
0.4593426	0.14536466	-0.17939456	-0.14787371	-0.45743778	0.42540365	-0.21738175	0.32349968	-0.4551251	0.04979171	0.21874894	-0.62156296	-0.030867089	-0.24068205	0.013224708	-0.009919443	-0.22604062	0.35877421	-0.58144087	-0.16916972	0.016542157	0.353349	0.57290125	0.17353219	0.14499934	0.20091344	-0.3710199	0.52934825	-0.027880827	-0.032480195
0.5046033	0.16365765	-0.17742133	-0.18149605	-0.48517	0.48123384	-0.24063887	0.36999455	-0.49736112	0.040564027	0.23848844	-0.65510476	-0.035532154	-0.24589357	0.016927803	-0.0054641487	-0.25701824	0.36879182	-0.5922287	-0.1882878	0.009588526	0.36887807	0.5987049	0.1943034	0.1479654	0.22034295	-0.4096782	0.5492909	-0.03233154	-0.048138134
0.50177264	0.16304012	-0.18085757	-0.16533124	-0.48899806	0.48369598	-0.23244256	0.36859336	-0.50633425	0.034501188	0.22758731	-0.66042733	-0.012108131	-0.23375273	0.016312601	-0.01028496	-0.23889132	0.38000157	-0.6260707	-0.20437765	0.006243713	0.38832685	0.6168507	0.20001084	0.13048509	0.21720788	-0.4135521	0.5754112	-0.05779754	-0.030842857
0.52485025	0.16734748	-0.20604557	-0.19994242	-0.53497815	0.5049587	-0.26254022	0.38503206	-0.542581	0.06399565	0.26165143	-0.7217052	-0.010437173	-0.2524816	0.026685696	0.0031589735	-0.25889263	0.4097757	-0.6569482	-0.2042309	0.027952394	0.41382846	0.6425871	0.20221515	0.1493904	0.22194147	-0.44253507	0.60875416	-0.0586516	-0.041913018
0.51293856	0.14115596	-0.1702376	-0.17622668	-0.50510824	0.48133174	-0.23069376	0.34455365	-0.5120003	0.03652053	0.23557675	-0.6740188	-0.031749435	-0.24765809	0.004620949	0.007062132	-0.26826182	0.38363534	-0.5990754	-0.18413684	0.023241809	0.38451314	0.59731257	0.18352821	0.14755805	0.22075674	-0.40381983	0.5729078	-0.047704197	-0.03274657
0.53567743	0.17152914	-0.20750552	-0.19363418	-0.5392204	0.4978354	-0.2335323	0.3770928	-0.5218807	0.05777694	0.26337877	-0.7197424	-0.015171445	-0.26454812	0.0039883754	0.0042052926	-0.26193622	0.3973835	-0.65453255	-0.19809309	0.032049596	0.39171603	0.6524851	0.19879547	0.14700088	0.24526022	-0.43222123	0.6030138	-0.058834124	-0.05050575
0.51703197	0.17838548	-0.21000342	-0.18629292	-0.50457335	0.4774016	-0.24065506	0.36111253	-0.49123666	0.06234019	0.24405116	-0.6895464	-0.03690639	-0.26173925	0.006417363	-0.018184515	-0.25136587	0.39624754	-0.6180195	-0.18479821	0.004735767	0.4027131	0.6168224	0.19652398	0.1417113	0.20909	-0.42795974	0.5772435	-0.04687849	-0.04030933
0.5638166	0.16048454	-0.21469606	-0.18741718	-0.54174966	0.5369508	-0.26621512	0.4030916	-0.56274647	0.0446873	0.280391	-0.73632085	-0.012495888	-0.26231095	0.002528832	0.013134938	-0.29974946	0.4223576	-0.68388194	-0.20030986	0.008318339	0.41165856	0.66733795	0.19390285	0.16667642	0.23010348	-0.45104745	0.60262114	-0.042991154	-0.06663206
0.49435025	0.15747318	-0.2004021	-0.1699348	-0.5046152	0.48939183	-0.22381133	0.37500817	-0.48882693	0.05796529	0.25103182	-0.6948652	-0.03265868	-0.2312557	0.019660017	0.0029235783	-0.26205596	0.37711352	-0.62297624	-0.20366229	0.0015927502	0.3869229	0.59786665	0.18250129	0.14108938	0.20588654	-0.4055393	0.56348515	-0.053894088	-0.050427154
0.51267284	0.17640603	-0.20879623	-0.19286707	-0.51776284	0.49083832	-0.23925227	0.35712013	-0.5270282	0.038653668	0.25426576	-0.7008505	-0.02882124	-0.26415032	0.012880879	-0.008726416	-0.25375345	0.38986287	-0.6270861	-0.2125253	0.001842754	0.39249587	0.6284049	0.20552646	0.15725933	0.20903566	-0.42564264	0.5702452	-0.050814055	-0.059572745
0.5204968	0.17026041	-0.19755109	-0.17470357	-0.5248459	0.5149144	-0.24769679	0.38442016	-0.5248428	0.047946926	0.24654277	-0.6948831	-0.020406393	-0.26975384	-0.003932933	0.011732627	-0.25174698	0.39996955	-0.64864844	-0.22071058	0.029846074	0.38118133	0.64983845	0.20523737	0.14794776	0.21780787	-0.43678817	0.5852577	-0.05987251	-0.03507754
0.5067259	0.17328218	-0.1756941	-0.17100248	-0.52051497	0.48695987	-0.23878299	0.37020278	-0.50829786	0.06118228	0.25096887	-0.6802813	-0.011420672	-0.24165888	0.022852985	-0.0144472355	-0.24684794	0.3874038	-0.63930166	-0.21240792	0.011639548	0.3890181	0.62616134	0.18351401	0.13853095	0.23784831	-0.4124181	0.57388777	-0.054006632	-0.04145666
0.52793056	0.17742324	-0.19207284	-0.16702898	-0.49185035	0.47302043	-0.24754345	0.36605585	-0.52221286	0.040362753	0.25887996	-0.687772	-0.038601913	-0.24691205	0.0074156215	-0.0073913843	-0.25175643	0.3824451	-0.6283008	-0.18825923	0.0042137317	0.40743592	0.6307452	0.17785506	0.1421506	0.21630688	-0.40058708	0.5786326	-0.056590706	-0.037077792
0.50548166	0.15333366	-0.20095323	-0.1800032	-0.5026339	0.45730072	-0.23848361	0.36001047	-0.5075331	0.058582775	0.25268307	-0.6751827	-0.02567335	-0.23088376	0.016257353	-0.016598945	-0.24093537	0.37414965	-0.6128313	-0.19789127	0.019674562	0.3672326	0.6026429	0.20243932	0.14263405	0.21320091	-0.3862294	0.5506725	-0.042223606	-0.054231495
0.52723557	0.16334799	-0.18622154	-0.17233817	-0.5191753	0.4992829	-0.24179143	0.3519082	-0.50509286	0.057648394	0.23850738	-0.6805525	-0.0127716735	-0.25817358	0.018189672	0.007526394	-0.27525163	0.38499498	-0.6113487	-0.2047627	0.008566358	0.3730154	0.6281295	0.18394163	0.1322755	0.21880475	-0.39962003	0.5805793	-0.045661684	-0.033258438
0.5044359	0.16966586	-0.19927533	-0.17446226	-0.4982607	0.48540378	-0.25133258	0.3644196	-0.51013875	0.038813442	0.2614677	-0.7046179	-0.027711319	-0.26695293	0.027543442	0.0007795557	-0.25831586	0.38689792	-0.62570435	-0.20725773	0.02468166	0.37520477	0.6168167	0.19333799	0.12891543	0.21432498	-0.4321488	0.5962955	-0.06311903	-0.06411488
0.41547018	0.14407392	-0.15225081	-0.14086708	-0.4410424	0.41676706	-0.20619456	0.32448307	-0.4237212	0.050779488	0.212633	-0.57228786	-0.026229637	-0.20535122	0.02831472	-0.0118902065	-0.23057751	0.31364816	-0.52572906	-0.18078093	0.017222507	0.31472623	0.5355879	0.16161463	0.11723931	0.19291835	-0.35859376	0.47656354	-0.046335347	-0.035268746
0.5019741	0.15828663	-0.19051553	-0.16534497	-0.46954417	0.45603487	-0.22542258	0.343719	-0.50246704	0.038725648	0.22481251	-0.6516974	-0.034721456	-0.22804017	0.0054653585	0.013477112	-0.23945399	0.37311137	-0.59699994	-0.20422263	0.00478828	0.3561303	0.60451823	0.17588992	0.136687	0.20111673	-0.39413816	0.54722995	-0.058873843	-0.036516994
0.47972885	0.14336406	-0.1932158	-0.16602895	-0.47625893	0.4456546	-0.22339925	0.33120272	-0.4867928	0.042616405	0.24462512	-0.64268976	-0.0317251	-0.23640884	0.023294386	0.0068950965	-0.25610554	0.34660512	-0.5768284	-0.17925167	0.027861178	0.35468152	0.5842512	0.18575609	0.12272527	0.21694507	-0.37265608	0.5345548	-0.045940015	-0.03672298
0.50866014	0.15008347	-0.19634819	-0.17672572	-0.5181361	0.50200194	-0.2530148	0.3792071	-0.50124013	0.04726867	0.25314286	-0.70026773	-0.018114641	-0.26617727	0.010539023	0.010544389	-0.24947838	0.36335275	-0.6248706	-0.19247091	0.011936104	0.37955722	0.6163313	0.17610532	0.14725795	0.2342062	-0.42170924	0.57596445	-0.05220525	-0.062368017
0.5312279	0.18287571	-0.21113364	-0.16983658	-0.53629774	0.51575404	-0.25753126	0.40010428	-0.545764	0.051640917	0.27209535	-0.72454315	-0.0413753	-0.25737548	0.01372906	-0.011450439	-0.26799798	0.4126105	-0.65864944	-0.21347101	0.011066086	0.38935223	0.6356047	0.19740388	0.14453103	0.24485637	-0.41782227	0.59463054	-0.0421588	-0.06599883
0.48332223	0.15845513	-0.20039462	-0.18492308	-0.49720144	0.47227076	-0.24802022	0.36838096	-0.48871425	0.047778085	0.23869638	-0.65811574	-0.02737262	-0.25778532	0.008024503	-0.0022941164	-0.26278853	0.3544706	-0.6090348	-0.19873285	0.0265463	0.35681257	0.59773386	0.18537372	0.14137842	0.20406485	-0.4054192	0.563064	-0.05304585	-0.041135218
0.49953294	0.14330265	-0.20286842	-0.18181562	-0.47967765	0.46274385	-0.2313248	0.3553762	-0.48011684	0.04871883	0.25442925	-0.67956924	-0.017481238	-0.23568659	0.012293155	0.010442268	-0.25893882	0.37585977	-0.61661875	-0.17595126	0.0020790068	0.38997725	0.61522317	0.19725165	0.1509416	0.21997453	-0.39915827	0.54473734	-0.029610392	-0.049441915
0.45920238	0.15917224	-0.16951767	-0.17097789	-0.45128974	0.42627338	-0.2188281	0.32158488	-0.45250055	0.026507402	0.21831796	-0.6175442	-0.028191848	-0.21153499	0.018250704	-0.015859088	-0.24428727	0.34049517	-0.5756913	-0.16575755	0.020609058	0.34991267	0.55393225	0.18815292	0.12772307	0.19901563	-0.36376292	0.5012332	-0.030719457	-0.058625646
0.48194167	0.17062442	-0.19483805	-0.15494423	-0.48247182	0.46679476	-0.23506267	0.35374415	-0.4975391	0.027156664	0.23610988	-0.65531653	-0.03342715	-0.24744277	0.008834646	0.004380313	-0.25551477	0.3765949	-0.61733484	-0.20482555	0.02068448	0.35648692	0.5916394	0.16923636	0.14273801	0.20993488	-0.39309257	0.55065995	-0.057449143	-0.037356116
0.47519916	0.13930571	-0.17455599	-0.16027176	-0.47180206	0.47688997	-0.21025316	0.3553794	-0.48899195	0.038656972	0.21669698	-0.6533714	-0.034024738	-0.25344062	0.028294703	-0.012611209	-0.24723183	0.34715587	-0.5762351	-0.17449307	0.012121462	0.37097305	0.58021915	0.1986937	0.1280523	0.22312763	-0.38698816	0.5563609	-0.0427032	-0.042335026
0.5426704	0.1588576	-0.2126539	-0.17198619	-0.52049404	0.49677	-0.26062897	0.37575313	-0.54448545	0.064572625	0.2631592	-0.7196793	-0.008919652	-0.2569318	0.026591463	0.01329289	-0.28786442	0.39777222	-0.6480618	-0.19167086	0.030488888	0.41793382	0.66072536	0.20419978	0.14838924	0.22007039	-0.42818037	0.60295033	-0.04461068	-0.058927692
0.4906149	0.17191255	-0.18708834	-0.15526795	-0.4881004	0.46795014	-0.21911696	0.360896	-0.4976617	0.043254286	0.2368339	-0.6636245	-0.013922488	-0.25390148	0.026296154	0.0014381086	-0.26714706	0.37504125	-0.6219016	-0.20671296	0.008985356	0.3800375	0.6117721	0.19601525	0.13624723	0.20479538	-0.39871714	0.57101095	-0.05016618	-0.061470017
0.44224185	0.13026017	-0.1646632	-0.16350767	-0.42536494	0.410745	-0.22489935	0.31913885	-0.4462058	0.03801697	0.22404274	-0.61006045	-0.034766402	-0.23048711	0.0022644307	-0.016688278	-0.23098275	0.32054943	-0.5459062	-0.17689668	-0.0038196596	0.3458956	0.54995507	0.16183774	0.13459651	0.18173465	-0.36818248	0.48631582	-0.044855498	-0.02874746
0.4760179	0.16781422	-0.17599122	-0.17629805	-0.4791451	0.46131238	-0.23677605	0.34854528	-0.4894385	0.030918032	0.24185596	-0.65281457	-0.025296248	-0.24084091	-0.0034020788	-0.0020264857	-0.23583552	0.35767043	-0.6035777	-0.17247997	0.0041079875	0.38131028	0.5718616	0.17813338	0.121687524	0.20226574	-0.38669357	0.55579853	-0.031476565	-0.052910477
0.51009977	0.15025944	-0.19944838	-0.18347713	-0.52056104	0.48534155	-0.22659317	0.3609792	-0.51144993	0.040741775	0.261048	-0.6859761	-0.02892732	-0.25524747	0.003006463	-0.0078985635	-0.2557473	0.37849933	-0.6445323	-0.18913059	0.020311592	0.40567076	0.60869396	0.19219176	0.13661003	0.24079931	-0.42793626	0.5901055	-0.031577848	-0.049972408
0.49912375	0.15388331	-0.19556971	-0.17115034	-0.4931198	0.4609069	-0.21291183	0.34409273	-0.47473544	0.039873097	0.24630235	-0.66856647	-0.034287177	-0.24790347	7.69234e-05	-0.0052288123	-0.2366652	0.36349115	-0.6096316	-0.18900172	0.030135948	0.37527606	0.5903884	0.1924707	0.13235313	0.2231149	-0.40545592	0.53254974	-0.050860517	-0.04921277
0.48124853	0.1685482	-0.20083606	-0.16485114	-0.50245506	0.4797783	-0.24119501	0.35899508	-0.50288063	0.057626173	0.23406442	-0.6743525	-0.032268632	-0.24894476	0.021208474	0.012944547	-0.24548966	0.36476454	-0.62067264	-0.20856799	0.02692659	0.37419915	0.6076645	0.17392088	0.12541252	0.22408529	-0.40200627	0.56254685	-0.03417283	-0.033613876
0.47514883	0.14210875	-0.1738043	-0.18236184	-0.50226575	0.47907332	-0.23118828	0.34039178	-0.47559175	0.052017156	0.22055681	-0.6627297	-0.02680098	-0.23340513	0.023890596	0.013002137	-0.26628014	0.3652832	-0.59346795	-0.17650008	0.00767525	0.37096104	0.58730584	0.17626956	0.14070308	0.20400023	-0.38007444	0.55454355	-0.05341855	-0.03278301
0.46752068	0.13536532	-0.1727524	-0.14870812	-0.47150975	0.44371328	-0.21242486	0.35123622	-0.47975424	0.047901582	0.2284747	-0.62831306	-0.031699948	-0.23577468	0.026389042	0.013047232	-0.23075971	0.3514251	-0.5844286	-0.16766737	0.0054543763	0.3574337	0.5510392	0.17197798	0.14466846	0.22185935	-0.3842317	0.5273311	-0.037088558	-0.05188734
0.5278177	0.15994471	-0.18269292	-0.17482516	-0.51996976	0.49484125	-0.2599292	0.35685462	-0.507516	0.05204887	0.2621826	-0.70914704	-0.037783887	-0.25046653	0.016787302	-0.0012254264	-0.25741914	0.38865182	-0.646293	-0.21215264	0.010325934	0.40881088	0.6380044	0.1986653	0.15821977	0.22681156	-0.41285002	0.5675533	-0.041128963	-0.048488572
0.5088583	0.15269464	-0.17899954	-0.18778078	-0.4792711	0.46558473	-0.24719076	0.36830097	-0.5000967	0.033891056	0.238029	-0.6779069	-0.03499842	-0.22891808	0.02332819	-0.005843848	-0.25742045	0.37219515	-0.61867195	-0.18676521	0.017759271	0.3819238	0.5972712	0.19217847	0.15431765	0.20247601	-0.3835624	0.54280305	-0.036711838	-0.048282467
0.40486383	0.13711625	-0.15848891	-0.14132687	-0.40914577	0.37915388	-0.17607753	0.3102448	-0.39197898	0.03272136	0.20771252	-0.5573798	-0.01627208	-0.21450813	-0.0015153416	-0.0016369212	-0.21385832	0.3151296	-0.5090628	-0.15757151	-0.0039549265	0.31972012	0.4850361	0.15439965	0.12764367	0.16753061	-0.32503068	0.46005374	-0.042877853	-0.030181795
0.4491019	0.15462112	-0.16623677	-0.16804346	-0.45775765	0.45224085	-0.22102466	0.3487806	-0.46569845	0.0489265	0.21030892	-0.6244134	-0.015706174	-0.2376402	0.0023897167	0.00751451	-0.22675811	0.3289637	-0.55952173	-0.19200778	-0.0035627044	0.34971026	0.56969506	0.18028341	0.124786384	0.1874834	-0.38747144	0.53504133	-0.040181983	-0.0280311
0.45341474	0.13255623	-0.15838112	-0.15841094	-0.45923126	0.4510543	-0.20865388	0.34105888	-0.4673539	0.04731101	0.21095484	-0.6152041	-0.028532462	-0.22970718	0.022482373	-0.005870673	-0.23326248	0.33430272	-0.5573461	-0.18850341	-0.0007395189	0.35909835	0.57519084	0.16477479	0.14738907	0.19820063	-0.38096192	0.52143383	-0.04348606	-0.029016418
0.4255166	0.13303474	-0.1529575	-0.13206542	-0.42867595	0.4237512	-0.20087509	0.3009066	-0.4334557	0.03051126	0.20963717	-0.573547	-0.007246779	-0.21711645	0.0073092976	0.011780066	-0.22312273	0.3022148	-0.5275067	-0.15061516	-0.0013535676	0.33649415	0.50729346	0.15183988	0.13114522	0.20258643	-0.33416232	0.49003616	-0.038457345	-0.026532851
0.48143244	0.14860052	-0.16475326	-0.14859869	-0.45396668	0.4502279	-0.22512582	0.31974775	-0.46969068	0.049498875	0.21958536	-0.6377006	-0.013080136	-0.21580622	0.0026108522	0.0042137876	-0.25221273	0.3566099	-0.58155715	-0.18948607	0.01198221	0.36550382	0.56518	0.18328519	0.12950084	0.21570027	-0.3620009	0.5387447	-0.04967757	-0.05778415
0.45789433	0.15794778	-0.18470472	-0.14297447	-0.44356135	0.44283086	-0.21376243	0.33606237	-0.45974737	0.04723342	0.21695592	-0.6265387	-0.015930673	-0.2338165	0.00419956	-0.015794236	-0.22427563	0.3233873	-0.5589359	-0.17854121	0.015853023	0.33418703	0.55861986	0.17055634	0.11684368	0.19514996	-0.3771838	0.5078276	-0.055011917	-0.036698207
0.49212068	0.1432714	-0.17803235	-0.15909491	-0.47469988	0.47513285	-0.2208509	0.34339264	-0.4859791	0.03680957	0.24784999	-0.6496559	-0.03321792	-0.22601445	0.02120507	-0.018522926	-0.23408698	0.3499415	-0.5931454	-0.20667168	0.02752235	0.38660166	0.6073523	0.19738793	0.13393779	0.22314715	-0.3841446	0.5677214	-0.038302615	-0.050366808
0.45920023	0.14186163	-0.1589779	-0.14780775	-0.46143103	0.44503668	-0.20297404	0.33827335	-0.44558397	0.025961157	0.2073878	-0.61508846	-0.0071840263	-0.22951962	0.0008635071	0.013160624	-0.23013803	0.34527063	-0.53879017	-0.19357133	0.02043253	0.34512267	0.5527497	0.17223619	0.13725165	0.2016257	-0.35582855	0.5167663	-0.047947172	-0.034983512
0.41888404	0.13804908	-0.15877289	-0.15327284	-0.41949576	0.41368976	-0.18901946	0.3178809	-0.4506631	0.03911465	0.21079688	-0.59656787	-0.0049411403	-0.21740873	-0.0010530873	-0.009855679	-0.22191732	0.33838704	-0.546745	-0.157621	0.016182773	0.34681943	0.5211232	0.16070898	0.13882354	0.19517924	-0.34845877	0.4806347	-0.04110775	-0.056955416
0.48760566	0.141119	-0.19124283	-0.18299802	-0.5049081	0.47359535	-0.21973032	0.36172342	-0.4943044	0.03332949	0.25024396	-0.66844636	-0.017857827	-0.25905037	0.028597405	0.01230033	-0.25670993	0.36533833	-0.6088339	-0.18256979	0.02761029	0.36438453	0.61190146	0.17796618	0.140366	0.21467128	-0.41131696	0.5784727	-0.03175617	-0.0427167
0.43121946	0.119047955	-0.15665047	-0.13634098	-0.4416653	0.43356243	-0.22188339	0.3110558	-0.42245787	0.054222047	0.20191264	-0.59911543	-0.016728554	-0.2012477	0.0294939	0.007981813	-0.2255468	0.32668206	-0.5509467	-0.16399446	0.02939913	0.333602	0.5281158	0.15047963	0.1121694	0.19841455	-0.35329512	0.5048455	-0.033301897	-0.046091225
0.5096612	0.1647784	-0.19457152	-0.19284907	-0.51599604	0.49461958	-0.22583765	0.36536372	-0.5006919	0.06323531	0.25204077	-0.6986923	-0.015062109	-0.2512536	0.008917218	0.013861054	-0.25872585	0.3857512	-0.64121014	-0.20030248	0.02604018	0.38802218	0.62125945	0.20135917	0.14478736	0.2400293	-0.41631576	0.5632227	-0.046375986	-0.0412105
0.41481322	0.12131623	-0.1733216	-0.14546463	-0.4328887	0.40527728	-0.20290634	0.32219666	-0.4100287	0.04254092	0.20121346	-0.56556207	-0.012878339	-0.22085913	0.018329563	-0.0130233895	-0.22970177	0.30973262	-0.5297073	-0.17443204	0.013228769	0.3308786	0.5089666	0.16944505	0.13459279	0.19376022	-0.36082467	0.4934283	-0.036393162	-0.03114482
0.45473525	0.1595092	-0.18338966	-0.16972937	-0.45509568	0.44507444	-0.20902607	0.33817634	-0.46434987	0.047175538	0.23669212	-0.6162232	-0.025499579	-0.24568444	-0.0020433436	-0.014079705	-0.25237232	0.34578496	-0.5531369	-0.19328858	0.0025188515	0.34830868	0.56257	0.18958822	0.14286932	0.19274859	-0.37144917	0.5269586	-0.028576901	-0.038279153
0.51077145	0.14957047	-0.17142281	-0.16432622	-0.48054203	0.48157206	-0.21779385	0.35482898	-0.49087024	0.029478734	0.23229516	-0.6638424	-0.013719064	-0.24534096	0.014640382	-0.0046407674	-0.26291484	0.35427904	-0.60336053	-0.17932403	0.004969498	0.3802568	0.61042917	0.18041407	0.14646982	0.23139009	-0.41290748	0.5496297	-0.057994172	-0.042601958
0.47668427	0.15104082	-0.17577314	-0.16751517	-0.47653437	0.4399939	-0.21859644	0.34372744	-0.4525808	0.049734276	0.22340453	-0.63061094	-0.038243163	-0.23306501	0.007044666	-0.009825327	-0.24302542	0.32972854	-0.5706126	-0.19059566	0.025068773	0.35156602	0.5696199	0.16307145	0.12042325	0.2185765	-0.3896849	0.5373166	-0.059201505	-0.047156446
0.45444748	0.13905194	-0.15907253	-0.16181707	-0.44726202	0.41998222	-0.22083011	0.3293215	-0.43534178	0.028787514	0.2204907	-0.5780689	-0.022588342	-0.22462913	0.015186565	-0.0023639651	-0.23845741	0.3131247	-0.5261753	-0.17506956	0.026811926	0.34528586	0.5378839	0.16198622	0.12613975	0.18475357	-0.34297788	0.48796487	-0.04806528	-0.054192655
0.49650052	0.13872072	-0.19939163	-0.18265197	-0.49057546	0.44721374	-0.23822731	0.3357235	-0.4888416	0.054501075	0.23881401	-0.66916156	-0.01529567	-0.24243492	0.020600004	0.006955966	-0.256054	0.36094934	-0.5906803	-0.19965634	0.02478083	0.3796253	0.6015662	0.19551626	0.12758206	0.21737914	-0.38026097	0.5499885	-0.057978407	-0.03166085
0.48288414	0.14245415	-0.17613675	-0.1574	-0.4810347	0.4568496	-0.24019314	0.36561066	-0.47906792	0.05065513	0.23246713	-0.6568212	-0.039528474	-0.24864988	0.017551772	0.003160289	-0.23539127	0.3522378	-0.60984325	-0.20242365	0.020985395	0.37522063	0.58824337	0.1876574	0.14757897	0.22271138	-0.39458743	0.5474998	-0.029760532	-0.043513082
0.45691702	0.13778013	-0.15705557	-0.15488358	-0.4533799	0.4314544	-0.20251426	0.31981847	-0.43611985	0.040461015	0.21140912	-0.6111731	-0.025468647	-0.23534301	0.015347031	-0.0054470804	-0.21985231	0.34197363	-0.5380429	-0.18910159	-0.0031031845	0.33695886	0.5363487	0.18083909	0.11473218	0.19573751	-0.35081053	0.50139993	-0.03969498	-0.058955807
0.49741486	0.14859448	-0.19956549	-0.17670965	-0.49654242	0.48033327	-0.22626008	0.34786817	-0.50223327	0.045413863	0.24394561	-0.6688565	-0.008980677	-0.23194394	0.020424709	0.006021746	-0.26079836	0.36319086	-0.5851411	-0.17463017	-0.0016155589	0.38305032	0.60608566	0.19649301	0.14809318	0.22125384	-0.39711615	0.5363453	-0.054136585	-0.03373528
0.47157228	0.15906903	-0.1688701	-0.16251817	-0.46163824	0.4350351	-0.23257887	0.3535205	-0.45289588	0.035738274	0.23754263	-0.6511524	-0.037424393	-0.22046003	0.03049114	0.007912104	-0.25610825	0.34222105	-0.57425994	-0.19702798	0.030238628	0.3633476	0.56462115	0.17728522	0.1350732	0.21068668	-0.36349308	0.545103	-0.035059743	-0.048776615
0.45072103	0.14742844	-0.16178378	-0.13977501	-0.43535444	0.42881182	-0.18921508	0.31872794	-0.41776207	0.053449597	0.22189142	-0.5989453	-0.019433508	-0.2069758	0.022661023	-0.00068497646	-0.22361457	0.31578752	-0.54471123	-0.15769826	-0.001023793	0.323373	0.51623863	0.15830897	0.12902585	0.18820123	-0.3373835	0.49037293	-0.0416371	-0.053851563
0.4615426	0.15111431	-0.16472165	-0.18086787	-0.46951076	0.45390078	-0.21291052	0.35092598	-0.47556245	0.05024659	0.22651963	-0.643493	-0.01389614	-0.21879418	-0.00430069	0.014134602	-0.2569854	0.36610717	-0.5757975	-0.19749679	0.0006255387	0.3420149	0.5886155	0.18077038	0.12817307	0.201669	-0.37002036	0.51905227	-0.055059943	-0.059046824
0.4907549	0.14351556	-0.16819133	-0.1815067	-0.49281287	0.47466537	-0.21230085	0.3481603	-0.4849406	0.02753536	0.23189504	-0.64677554	-0.019110397	-0.22645937	0.011570467	-0.014350514	-0.25342786	0.35986218	-0.57713497	-0.2015904	0.020278947	0.3478421	0.5784276	0.17938629	0.13478343	0.22184406	-0.37425032	0.52257496	-0.055012114	-0.04699092
0.5249945	0.1724437	-0.20640297	-0.17114459	-0.5125554	0.4905614	-0.25291854	0.35571793	-0.5184058	0.047174312	0.2540867	-0.7030536	-0.040844902	-0.24224636	0.00026934047	-0.017435823	-0.27260613	0.3649496	-0.6356414	-0.19534418	0.015181462	0.39013872	0.6091704	0.19425404	0.13568111	0.21737199	-0.39836246	0.5830078	-0.037201237	-0.065265216
0.46304622	0.13723874	-0.17911267	-0.16571365	-0.45582408	0.41631404	-0.22149166	0.311618	-0.44412383	0.023802223	0.22027774	-0.6149201	-0.03080697	-0.23062377	0.023380019	-0.015032153	-0.24362275	0.33176416	-0.54283583	-0.18744831	0.02470386	0.35224268	0.52728105	0.16867588	0.114479534	0.19804169	-0.37290192	0.5088231	-0.026938882	-0.056381706
0.43469378	0.15001929	-0.15254402	-0.16888992	-0.42040837	0.42976812	-0.18967849	0.31318337	-0.4380856	0.04421954	0.2031144	-0.58251184	-0.0044608735	-0.20487556	0.021199033	-0.013642557	-0.22058596	0.3260679	-0.5415492	-0.17179704	0.027720394	0.3260425	0.5407804	0.15071623	0.122076035	0.18123066	-0.36232197	0.5050365	-0.055387754	-0.02807397
0.46257454	0.14905979	-0.15689428	-0.16279255	-0.43704858	0.44212994	-0.21110685	0.33599788	-0.4390613	0.029678775	0.2181554	-0.6280647	-0.02829926	-0.20878045	0.009957667	0.009798525	-0.22887415	0.34230548	-0.54292923	-0.19463569	0.0033361062	0.34380892	0.56899524	0.17954744	0.12695435	0.20374781	-0.3554566	0.5100846	-0.034514222	-0.036023814
0.5120314	0.16224839	-0.20988181	-0.19175825	-0.50803757	0.5078306	-0.23270786	0.37353486	-0.5100513	0.052124143	0.25220326	-0.7102588	-0.010494218	-0.2740188	0.0064682392	-0.018023545	-0.2548642	0.39033	-0.6519481	-0.20973745	0.008845632	0.391382	0.63408643	0.18497004	0.14684635	0.22638647	-0.4153713	0.5779356	-0.04802683	-0.045331415
0.4568261	0.13311607	-0.1617061	-0.17089984	-0.44601554	0.42548296	-0.21692297	0.3237168	-0.44303256	0.037346654	0.2369763	-0.6200752	-0.0067266673	-0.23668931	0.023836648	0.0073287734	-0.24861117	0.3533984	-0.567099	-0.16318525	0.01619312	0.34572497	0.5537536	0.16226882	0.1411618	0.21289769	-0.3778905	0.52736837	-0.040746376	-0.045407984
0.49100694	0.14648542	-0.17605712	-0.18314734	-0.5162689	0.48681262	-0.23112282	0.37434828	-0.49240845	0.057137307	0.22808053	-0.6691726	-0.016078884	-0.26450744	0.025601143	0.0018843793	-0.24684231	0.37871644	-0.62908787	-0.18025054	0.023112822	0.3647973	0.6162582	0.19731583	0.13682987	0.2334602	-0.39176792	0.5535576	-0.045723263	-0.061536234
0.5231249	0.16813868	-0.20120536	-0.1786901	-0.5160935	0.49262023	-0.23370923	0.35575315	-0.51097256	0.038872223	0.23330326	-0.6754414	-0.026947113	-0.25111791	0.026707334	0.0058188373	-0.2523519	0.38085154	-0.63827926	-0.18784219	0.0077127363	0.3925683	0.6301714	0.1905766	0.13108721	0.2113872	-0.40031314	0.5560398	-0.03475116	-0.04819948
0.5709683	0.17843047	-0.2229528	-0.2104681	-0.5664463	0.537657	-0.2743243	0.42051324	-0.5809039	0.053083934	0.27737647	-0.77760744	-0.032200634	-0.28677446	0.0117330495	-0.0066410047	-0.2907517	0.4114095	-0.70021856	-0.20883639	0.011516631	0.4185828	0.70515335	0.21499863	0.16670348	0.23945497	-0.47298798	0.6260578	-0.05397312	-0.06258739
0.54376894	0.15641215	-0.18696222	-0.19328538	-0.5360081	0.5033915	-0.24123628	0.3819656	-0.5402428	0.03201687	0.2738937	-0.7148888	-0.012835563	-0.25823376	0.021316525	-0.009301522	-0.28607473	0.39984894	-0.6451617	-0.2069353	0.019665606	0.41801846	0.64736927	0.20959856	0.15909024	0.24604625	-0.4431976	0.60543126	-0.035266005	-0.05217711
0.45498922	0.14630629	-0.17678751	-0.16103774	-0.47489998	0.43242204	-0.21337375	0.3323301	-0.4601121	0.03223642	0.23307784	-0.6204808	-0.021968618	-0.2375379	0.023873882	0.008345755	-0.25116518	0.33898684	-0.5728884	-0.16844855	0.027509792	0.34367657	0.5747129	0.19252796	0.11590422	0.20842463	-0.38291952	0.53843385	-0.057775207	-0.040572517
0.49072233	0.15949418	-0.19210912	-0.15359958	-0.46956086	0.46464923	-0.21577963	0.36888397	-0.47059214	0.033636555	0.21864307	-0.66231376	-0.028172342	-0.2551084	0.0063968385	-0.015042531	-0.26347837	0.37291315	-0.58398914	-0.20676394	0.027197657	0.3748144	0.59152037	0.18660057	0.15428203	0.22815056	-0.39654976	0.56301343	-0.04323508	-0.04377934
0.49934492	0.15102334	-0.19482557	-0.1602212	-0.51577693	0.4914141	-0.2479689	0.3691565	-0.49679372	0.038795702	0.23573317	-0.6658071	-0.021622758	-0.262929	0.029259931	-0.0072138603	-0.26372853	0.36422086	-0.63544	-0.20584366	0.02764438	0.38114673	0.59940904	0.19033979	0.14934495	0.2092087	-0.40523684	0.55570626	-0.060727153	-0.042700104
0.46023172	0.14499493	-0.17195304	-0.15952808	-0.44459876	0.4231538	-0.20922047	0.31998685	-0.47539896	0.026449181	0.22637795	-0.60653055	-0.019026825	-0.22778352	-0.0006914076	0.0033847096	-0.22428083	0.335741	-0.56487155	-0.1843893	-0.0046463246	0.3333903	0.5473742	0.1847221	0.13289855	0.20754784	-0.36913833	0.518046	-0.03127864	-0.03804568
0.478718	0.1573762	-0.16786975	-0.17665155	-0.49013597	0.44351697	-0.22538358	0.33569187	-0.48440138	0.054413423	0.24602857	-0.6351794	-0.018677775	-0.22488713	0.005606246	-0.0036047446	-0.24122937	0.34598896	-0.5937047	-0.19178835	0.016989285	0.37571138	0.5711285	0.166825	0.13083956	0.19956195	-0.38010642	0.553044	-0.030543467	-0.058420748
0.46647593	0.15391962	-0.18094952	-0.15863018	-0.47470745	0.4388735	-0.2170128	0.3558439	-0.4841527	0.04394756	0.22289895	-0.6455939	-0.03027239	-0.24838357	0.017268028	0.0066863555	-0.23512757	0.3441514	-0.59129995	-0.20099278	-0.0025521796	0.3630905	0.57259	0.17986515	0.13741311	0.19803792	-0.40005127	0.5470683	-0.03858708	-0.06218116
0.49591318	0.13998345	-0.20318612	-0.18751034	-0.47972298	0.4725761	-0.21506688	0.34320948	-0.4858054	0.032411434	0.2373164	-0.66434854	-0.024404548	-0.23103979	0.02847142	-0.003015372	-0.259148	0.35450378	-0.5933309	-0.20865919	0.027555453	0.37187102	0.6075153	0.19252546	0.12552948	0.199553	-0.40670842	0.5703246	-0.03011309	-0.062957704
0.4823147	0.1562388	-0.19431904	-0.16585547	-0.4915707	0.46915382	-0.23245189	0.34647083	-0.49221337	0.05586507	0.22698082	-0.67501146	-0.02901616	-0.25723216	-0.0006312975	0.0026746143	-0.2501607	0.38063207	-0.5986527	-0.20576076	0.006560214	0.38503668	0.5943416	0.20415743	0.15096074	0.21413971	-0.39537072	0.5714278	-0.06221852	-0.03350876
0.482423	0.16263632	-0.16279559	-0.18056442	-0.4572622	0.44904327	-0.21765403	0.35877064	-0.47268635	0.0494656	0.21228604	-0.63612294	-0.028595418	-0.231988	0.024264067	0.0010053845	-0.23177975	0.358335	-0.5979128	-0.19137926	0.02140255	0.35819626	0.588702	0.17705153	0.14938241	0.1993572	-0.3725242	0.53941745	-0.030716967	-0.040720496
0.4154186	0.13606076	-0.15187012	-0.15358959	-0.39833346	0.39548507	-0.18759392	0.29828355	-0.3917665	0.045896057	0.19802155	-0.552359	-0.008116693	-0.21012275	0.0019766802	0.014677186	-0.21281752	0.31313163	-0.49567688	-0.16136535	0.0009069125	0.3019886	0.47614062	0.14749566	0.12445554	0.18465446	-0.33475816	0.46450794	-0.046737444	-0.027661957
0.4422867	0.13667122	-0.1619791	-0.13686486	-0.4418085	0.3978623	-0.21720101	0.31055513	-0.4153412	0.050698455	0.21215522	-0.59447134	-0.0372699	-0.22170147	-0.00080971274	-0.0025334929	-0.21924771	0.31828928	-0.54061913	-0.15488243	0.024395145	0.32671505	0.5237852	0.15715377	0.1205257	0.1826937	-0.34829664	0.48890755	-0.028335832	-0.030076625
0.47304562	0.12642887	-0.16763672	-0.17259821	-0.45083147	0.45286006	-0.21804374	0.33098423	-0.46666977	0.03709736	0.21882711	-0.6104727	-0.022029076	-0.23626603	0.0037230523	0.0035670577	-0.22800982	0.32414374	-0.54558223	-0.19351801	0.023752904	0.3581959	0.5623991	0.18941398	0.12911922	0.18344432	-0.37075064	0.514011	-0.053450387	-0.04580196
0.5762529	0.14425361	-0.2450618	-0.20541726	-0.56150645	0.5273603	-0.27553982	0.433882	-0.5419491	0.06254458	0.28725845	-0.7563878	-0.04126366	-0.2790732	0.0006802943	-0.020796292	-0.2909365	0.39662606	-0.6747506	-0.18580888	0.03822572	0.43861234	0.69002324	0.22801718	0.14545108	0.2220518	-0.43702486	0.65276426	-0.04678824	-0.0655224
0.34161967	0.10915965	-0.14138475	-0.11560842	-0.36202398	0.32839742	-0.18171068	0.24787965	-0.35304755	0.029595872	0.1757992	-0.48609665	-0.021891825	-0.18861504	0.023059683	-0.0094694	-0.1931691	0.26441056	-0.42728913	-0.15348679	0.008821595	0.28744176	0.43908858	0.12213332	0.09505564	0.16449344	-0.30432886	0.41302928	-0.01847679	-0.023336928
0.4062759	0.113556765	-0.16299804	-0.14807184	-0.40057912	0.39190972	-0.19949324	0.27413502	-0.40439567	0.025631996	0.17713767	-0.5445665	-0.011309982	-0.1997612	0.0041664564	0.012481257	-0.21203974	0.30916637	-0.47767904	-0.16681984	0.0195536	0.314986	0.47869903	0.14819862	0.10889632	0.17536665	-0.3128363	0.44240394	-0.032678675	-0.0549319
0.49515054	0.16708952	-0.1724153	-0.15196545	-0.46568072	0.4510575	-0.23986068	0.35075596	-0.47268763	0.042101562	0.2445897	-0.6531277	-0.028664174	-0.24919072	0.028401205	-0.00876679	-0.24736476	0.34491763	-0.6102373	-0.18972881	0.007092517	0.3541426	0.60116416	0.19284493	0.12875864	0.22496577	-0.37292573	0.5548383	-0.055907514	-0.05367361
0.47192478	0.14650397	-0.16481476	-0.1540029	-0.46076873	0.45435253	-0.22189383	0.34567556	-0.46500453	0.04772178	0.23516186	-0.6153027	-0.016544422	-0.21556798	0.017254513	0.00085500255	-0.2339738	0.33181357	-0.5717664	-0.17816788	-0.00016127064	0.3503366	0.54692894	0.18134089	0.13098857	0.1891148	-0.37077075	0.52438354	-0.0491881	-0.053620283
0.5251847	0.17024195	-0.18678495	-0.17767866	-0.5311597	0.5096816	-0.23660797	0.37395492	-0.5269939	0.053115737	0.24142554	-0.697541	-0.030984743	-0.24963121	-0.0007437271	0.0073595583	-0.2774968	0.37478158	-0.62748367	-0.19993389	0.024849515	0.409298	0.62191474	0.18494353	0.16211511	0.22313425	-0.4389217	0.5795791	-0.039833833	-0.065433614
0.44428656	0.12571597	-0.16410291	-0.15389225	-0.43711653	0.41379797	-0.19039564	0.33364755	-0.45405307	0.027491082	0.20587783	-0.612633	-0.016861575	-0.2281858	0.01481631	-0.008895094	-0.24294917	0.33345333	-0.5564474	-0.17719495	0.015090778	0.34858835	0.5395807	0.15375851	0.10802475	0.20574076	-0.35153633	0.48957542	-0.054426752	-0.045376685
0.50649387	0.16352952	-0.19254749	-0.19164923	-0.5062786	0.49175522	-0.2426565	0.36947465	-0.4935007	0.05911122	0.22805564	-0.67175084	-0.016293198	-0.25051287	0.027761096	-0.014617801	-0.24687184	0.3714013	-0.63082683	-0.19001767	0.0034514503	0.38968843	0.596645	0.20622455	0.13922793	0.23629554	-0.417495	0.57582057	-0.06131661	-0.046635475
0.4574715	0.13800149	-0.17397627	-0.17146106	-0.4501822	0.4435971	-0.19606361	0.32681295	-0.45137134	0.049394015	0.20165417	-0.61141574	-0.0365666	-0.23013029	0.016536498	0.012244728	-0.23730414	0.32100394	-0.53576726	-0.16126347	0.028813481	0.3585964	0.5377376	0.18445668	0.12882863	0.19379449	-0.34567076	0.51873565	-0.025742657	-0.03464442
0.46693823	0.15403292	-0.16418162	-0.17051142	-0.43761984	0.42476228	-0.22774847	0.3343776	-0.45117086	0.02880286	0.21685794	-0.6081134	-0.028106185	-0.23705542	0.02397061	0.009149953	-0.22492024	0.34902862	-0.56572986	-0.18501604	0.015113182	0.34025043	0.5567001	0.1575928	0.1347633	0.19127445	-0.38213423	0.4935208	-0.049406942	-0.05243664
0.41564128	0.14269383	-0.15555583	-0.14938828	-0.42738023	0.40673825	-0.19875093	0.30586556	-0.424766	0.03429149	0.19911814	-0.56659234	-0.021387145	-0.19312826	0.018680353	-0.011507246	-0.2155824	0.30945727	-0.50204796	-0.16319089	0.01513555	0.309824	0.50979763	0.1695046	0.13179122	0.18816228	-0.34037566	0.4590201	-0.0541988	-0.0350635
0.45396382	0.15759243	-0.16465995	-0.16449505	-0.4381548	0.44373342	-0.20452884	0.30700868	-0.4520394	0.056150015	0.22535472	-0.598817	-0.016409226	-0.22994407	-0.004305301	-0.00058313546	-0.23959418	0.3406127	-0.53750837	-0.17913885	0.0036530113	0.33905908	0.5346942	0.17194352	0.12500586	0.1917607	-0.35946843	0.5037221	-0.04591041	-0.028702838
0.44040185	0.12830475	-0.16010073	-0.15688923	-0.45562062	0.41015524	-0.1982628	0.32218495	-0.44127896	0.040353727	0.22659928	-0.6131096	-0.007997814	-0.21129537	0.0018969355	-0.008810987	-0.23419312	0.32540444	-0.53391623	-0.16426627	0.005314693	0.3317364	0.5419029	0.17207302	0.13712691	0.2078395	-0.36716494	0.51545924	-0.05088554	-0.04978144
0.45043206	0.14429064	-0.18206958	-0.15187746	-0.4669903	0.4428008	-0.21539052	0.33187383	-0.4692171	0.044542603	0.21940897	-0.6353632	-0.032247588	-0.22855395	0.00645531	-0.013410155	-0.2551709	0.35176995	-0.57191646	-0.17727154	0.020683456	0.3565657	0.5749816	0.1840096	0.14533363	0.18650217	-0.36999357	0.5353605	-0.052586872	-0.057897575
0.43564317	0.14813961	-0.18207048	-0.14382711	-0.44891867	0.4328553	-0.21198264	0.32306078	-0.4349537	0.035995156	0.2162828	-0.60989773	-0.015944434	-0.21637575	0.0016023236	-0.011548929	-0.21287453	0.33818063	-0.5514732	-0.18957658	0.015235328	0.3242086	0.5505519	0.16805674	0.14189571	0.21054286	-0.35530713	0.5138226	-0.030555343	-0.034529626
0.48163107	0.1389655	-0.17275175	-0.15897675	-0.48334798	0.44713113	-0.23319425	0.33654207	-0.47805226	0.048504144	0.24522495	-0.6564616	-0.0103316875	-0.23134448	0.024983235	0.007321919	-0.25315532	0.36460453	-0.6009196	-0.18319322	0.018375007	0.350737	0.6022708	0.1781372	0.14079875	0.2021105	-0.3767467	0.5234436	-0.025972802	-0.061418634
0.44145462	0.123374	-0.17683367	-0.14002898	-0.44443136	0.4164809	-0.20977667	0.31773415	-0.45439613	0.03335357	0.20161879	-0.5964602	-0.006461209	-0.21042667	0.009791794	-0.016583076	-0.23207942	0.34270468	-0.53702193	-0.16026141	0.025821164	0.34898594	0.5240484	0.16398971	0.12463373	0.19769223	-0.3625423	0.48280668	-0.05674232	-0.031462353
0.40365702	0.108339936	-0.14396842	-0.12588324	-0.39730397	0.38042307	-0.17491497	0.29095605	-0.39158136	0.045407895	0.18218067	-0.5395799	-0.029605007	-0.1797614	0.009750913	0.011695097	-0.21462087	0.3083489	-0.48498827	-0.16699943	-0.00088787597	0.30771515	0.47491258	0.14008933	0.124415904	0.17756289	-0.33457184	0.43890062	-0.02488347	-0.036710914
0.44172034	0.1413056	-0.16148943	-0.15092729	-0.43985102	0.4216184	-0.1895218	0.31684083	-0.4386081	0.054667644	0.21190296	-0.5584493	-0.031668175	-0.19684847	-0.0016224926	-0.0030563562	-0.21786465	0.31514868	-0.51316816	-0.14893691	-0.0042379037	0.31423593	0.5289153	0.14734387	0.12577353	0.19699864	-0.3416813	0.478452	-0.03209568	-0.05580774
0.39698666	0.11868233	-0.1618435	-0.1485276	-0.41361308	0.40247992	-0.20600818	0.2952396	-0.40392137	0.04925232	0.19554211	-0.54279935	-0.006223682	-0.20687787	0.026096236	-0.015472114	-0.22315904	0.30583438	-0.48889798	-0.1440432	0.01854861	0.29849747	0.48993886	0.15682268	0.121881776	0.17567989	-0.33973488	0.4673534	-0.026700782	-0.042406995
0.44978002	0.13029478	-0.18020141	-0.15269756	-0.43838817	0.4410166	-0.21928832	0.31814256	-0.44602755	0.052620903	0.21520174	-0.59080833	-0.033042252	-0.2216445	0.0037830956	0.0038920823	-0.23794176	0.34598076	-0.5351518	-0.18115647	0.0123832105	0.33491188	0.54422855	0.18554132	0.13580972	0.18282308	-0.36822605	0.5153617	-0.026467988	-0.035669424
0.5038753	0.14571443	-0.2017385	-0.17206883	-0.51702017	0.50058347	-0.2288929	0.37073645	-0.5008122	0.05352184	0.2334296	-0.7062276	-0.014540952	-0.24360406	0.026819384	-0.016655538	-0.27869707	0.3971188	-0.635428	-0.18318936	0.013034138	0.3849119	0.6226428	0.19060704	0.1304266	0.22273605	-0.41124335	0.5587128	-0.059688333	-0.04057924
0.49736652	0.16632165	-0.18897799	-0.1829132	-0.5050025	0.46494767	-0.2485201	0.34575254	-0.49277005	0.03969711	0.24397576	-0.6875613	-0.020201605	-0.26266244	0.010727872	-0.0039692014	-0.24133755	0.3817086	-0.59474236	-0.20849237	0.0011737712	0.36715978	0.62147367	0.18948206	0.15210912	0.20904931	-0.38698548	0.5468397	-0.049600407	-0.04129472
0.40980884	0.1492556	-0.14918078	-0.14307223	-0.41862383	0.41660637	-0.20086886	0.2950505	-0.4261057	0.052493293	0.18848266	-0.57133186	-0.029214036	-0.22137143	0.017369464	-0.015489988	-0.21009554	0.32733387	-0.51709086	-0.1722466	0.013025888	0.31864735	0.5040372	0.15687118	0.12369613	0.16789943	-0.33711016	0.47236344	-0.034398083	-0.050373223
0.49518323	0.17259541	-0.18535033	-0.18307553	-0.49369285	0.4834356	-0.24934658	0.36254933	-0.49152845	0.032925855	0.24787971	-0.687181	-0.019575773	-0.26036784	0.025429046	-0.016084015	-0.24067459	0.3902638	-0.6033481	-0.19068931	0.00068717246	0.36994535	0.5941442	0.1797262	0.1274867	0.23342636	-0.4009271	0.5740833	-0.04576283	-0.037466254
0.44367594	0.13169229	-0.18868895	-0.16418567	-0.46436268	0.44248074	-0.22219199	0.32873356	-0.4503199	0.04033869	0.20733096	-0.6250419	-0.0070491964	-0.24137832	0.014538588	0.0018998934	-0.24863757	0.35147604	-0.5654691	-0.19418554	0.0044215615	0.3591095	0.5532797	0.17888418	0.14444153	0.19302669	-0.36092734	0.510864	-0.058128454	-0.042392414
0.47487038	0.15241858	-0.18218951	-0.1615894	-0.44814295	0.45009765	-0.2169179	0.3441185	-0.44683537	0.035138957	0.2227039	-0.6312158	-0.032779604	-0.21955231	0.02703036	-0.019523412	-0.22724898	0.32810158	-0.57889634	-0.1792796	0.006008168	0.35263845	0.55874246	0.16983509	0.1206761	0.217256	-0.3703234	0.5344949	-0.03535692	-0.05931417
0.3986882	0.14172529	-0.14403337	-0.14581138	-0.40926376	0.4063697	-0.20724022	0.28181466	-0.40691617	0.044419635	0.19983159	-0.57005185	-0.02904943	-0.18891183	0.008772119	0.010678147	-0.2126869	0.29126823	-0.5071051	-0.17536175	-0.0007896584	0.29642907	0.48619315	0.15901755	0.1244964	0.19329965	-0.3418312	0.473597	-0.05354438	-0.047495846
0.39925104	0.12564631	-0.13746978	-0.15822487	-0.41668734	0.37302458	-0.20621315	0.28409111	-0.41189164	0.042802252	0.20233773	-0.5363819	-0.026342075	-0.19916928	0.00024210404	-0.010332333	-0.19145219	0.29868683	-0.51120585	-0.16664866	0.007929054	0.32037535	0.48746946	0.15910019	0.101714216	0.16602337	-0.31369334	0.44921732	-0.034876447	-0.03382628
0.4026738	0.1190798	-0.15750998	-0.13920423	-0.3933499	0.35915378	-0.1983621	0.28871688	-0.3695803	0.046666462	0.17490077	-0.5099795	-0.009886223	-0.17913668	0.0040291655	0.011618016	-0.21168795	0.2973618	-0.48987502	-0.13876262	0.0072034677	0.28037256	0.46879703	0.15583694	0.09540935	0.16988158	-0.30953622	0.4425573	-0.04413819	-0.04985481
0.46103424	0.14112355	-0.17109089	-0.16305079	-0.45809266	0.44056898	-0.23063588	0.32808894	-0.45500344	0.042067338	0.23528232	-0.63018316	-0.015906246	-0.2308427	0.009540243	-0.01502469	-0.24556635	0.3433485	-0.566068	-0.16436948	0.004976372	0.33867186	0.546593	0.17297171	0.13572973	0.21014681	-0.35551593	0.51002014	-0.048090696	-0.050314844
0.42645013	0.13131195	-0.16811699	-0.13005915	-0.4333222	0.4046055	-0.20348749	0.2975623	-0.41841486	0.04439198	0.1899346	-0.58161175	-0.0073945234	-0.22320245	0.0269149	-0.0033238137	-0.2250943	0.32596493	-0.5012614	-0.15159212	0.030556528	0.30621508	0.49148014	0.1533087	0.10226514	0.19110364	-0.32643548	0.4889181	-0.049515642	-0.050748575
0.40574402	0.14386286	-0.15835227	-0.13475002	-0.42377186	0.41981798	-0.2030489	0.31307748	-0.413741	0.037073534	0.18987782	-0.5850304	-0.031238755	-0.22472592	0.012257398	0.001880134	-0.22343463	0.30938733	-0.51742727	-0.15339205	0.0029716075	0.31363666	0.52497613	0.15303816	0.13446751	0.18241961	-0.3319402	0.47236004	-0.028626096	-0.04549639
0.4035748	0.12058312	-0.14186566	-0.13316604	-0.4018949	0.41472858	-0.20402113	0.30095577	-0.41610128	0.048357446	0.20900027	-0.57435703	-0.0069434964	-0.21106422	0.0065382603	0.007033839	-0.20185359	0.2985438	-0.52629095	-0.15495798	0.0145091	0.3052093	0.51022583	0.14586838	0.10764569	0.19912453	-0.3214929	0.46802402	-0.038136672	-0.037817217
0.45306554	0.15250573	-0.15506326	-0.15608588	-0.4407404	0.43453434	-0.22384702	0.34224397	-0.43912625	0.050895866	0.22946677	-0.60685736	-0.020083971	-0.22008193	-0.0034312229	0.0012610384	-0.22523369	0.33636743	-0.5689603	-0.18373694	0.0005203277	0.33175895	0.53384715	0.17810872	0.11550296	0.20842732	-0.37416735	0.52192837	-0.056096017	-0.044646226
0.52267694	0.14703351	-0.1897742	-0.163426	-0.5017768	0.48769575	-0.24222119	0.38025728	-0.51428014	0.05202525	0.23478308	-0.7009163	-0.012447783	-0.26541257	0.020230627	0.010218154	-0.26368114	0.3915772	-0.6087106	-0.18403228	0.028230326	0.39184752	0.6171644	0.20629607	0.1342732	0.21168327	-0.415768	0.5630725	-0.053895418	-0.045148127
0.45504752	0.1487248	-0.17892416	-0.16923867	-0.4739551	0.44263038	-0.20425332	0.3421106	-0.45967764	0.034295823	0.22404642	-0.6202496	-0.007343772	-0.2202343	0.014879255	0.012011786	-0.23882388	0.33830097	-0.58264637	-0.19291829	0.0036364421	0.34885523	0.5622832	0.18159628	0.118520126	0.21867532	-0.38797185	0.5186117	-0.03465069	-0.036670804
0.49003103	0.15770005	-0.18044646	-0.16059649	-0.4920982	0.464131	-0.23760116	0.3351013	-0.47444636	0.054829434	0.22616248	-0.6580184	-0.033523064	-0.23733167	0.029772919	-0.018843338	-0.2600646	0.37479392	-0.60351366	-0.1962926	0.02942413	0.3826105	0.57152766	0.1769885	0.12311898	0.19699912	-0.39965007	0.5478717	-0.057909347	-0.061222143
0.41939503	0.14042881	-0.17619355	-0.13784249	-0.42906168	0.40911156	-0.20771977	0.32110253	-0.43675843	0.03157626	0.21628694	-0.59306425	-0.023366313	-0.19953574	0.006373125	-0.0039244234	-0.21139757	0.33533686	-0.54401106	-0.18486813	-0.0010797678	0.31897372	0.53226703	0.17162982	0.13044344	0.18313055	-0.34196025	0.48046747	-0.04392293	-0.025944639
0.4963926	0.15120083	-0.17418526	-0.16334872	-0.501348	0.46839207	-0.21891296	0.33976975	-0.50307244	0.046599124	0.2303577	-0.6511489	-0.0076943603	-0.25723907	0.018898472	0.004394962	-0.23863786	0.369714	-0.5966569	-0.20847578	0.0018937755	0.35819507	0.57903486	0.18308376	0.15361875	0.2019142	-0.39973468	0.5602538	-0.038100634	-0.06298366
0.45602491	0.13239945	-0.17464165	-0.15281856	-0.458838	0.44497436	-0.2101603	0.3262465	-0.4691054	0.05036045	0.23538579	-0.63460195	-0.027009254	-0.21434385	0.010008153	-0.018588122	-0.23936978	0.34026253	-0.58591866	-0.17186722	0.0019941125	0.35915065	0.56150144	0.17562258	0.15041357	0.19423051	-0.38736138	0.53401214	-0.059336152	-0.061074585
0.41989374	0.14510188	-0.13865823	-0.14159541	-0.402353	0.37901998	-0.20714274	0.2922403	-0.41717395	0.025648063	0.20264526	-0.562913	-0.021910822	-0.2152715	0.015469604	0.001217336	-0.20305641	0.3086872	-0.4873076	-0.16326185	0.006768922	0.29696524	0.49106935	0.16892844	0.10237597	0.1757333	-0.34374556	0.4491215	-0.03672927	-0.052650433
0.47117355	0.13764755	-0.15829304	-0.17412405	-0.4478696	0.45787123	-0.2200163	0.3284563	-0.45758274	0.048925422	0.21827786	-0.6119533	-0.029387195	-0.21927512	0.028513936	-0.008086059	-0.23462349	0.34390017	-0.57936984	-0.18502738	0.020251324	0.35618317	0.54967	0.17551889	0.14742868	0.1954416	-0.37697503	0.50384486	-0.02732892	-0.052528925
0.46571198	0.15071008	-0.17254567	-0.15290841	-0.47314444	0.43748337	-0.20568112	0.34272432	-0.48291984	0.0393864	0.23967443	-0.6353486	-0.037798543	-0.24035713	0.009125951	0.0066308756	-0.242066	0.3400742	-0.58820456	-0.17498033	0.013596975	0.3486261	0.57732755	0.1759975	0.13310723	0.20994845	-0.36606434	0.5316088	-0.030768383	-0.04174655
0.448199	0.15254891	-0.14945161	-0.13970362	-0.42768398	0.39916155	-0.21143174	0.32632613	-0.42863545	0.03888534	0.19671452	-0.57493114	-0.02434781	-0.20014822	0.00566959	-0.011675517	-0.21383938	0.31015423	-0.54310685	-0.16879587	0.005257032	0.32579473	0.50898325	0.15081187	0.1078563	0.17445795	-0.3403393	0.48685303	-0.039212033	-0.034554232
0.42836913	0.14717542	-0.1743068	-0.15760313	-0.43809152	0.42024407	-0.1953468	0.31497014	-0.42174244	0.045214415	0.20530804	-0.56394994	-0.027315794	-0.21629308	0.0021771092	-0.012518924	-0.21461865	0.32338926	-0.5284101	-0.16638428	0.026483165	0.34262395	0.53395534	0.15617147	0.12531859	0.20292848	-0.3488214	0.4957597	-0.03692936	-0.055176012
0.4610927	0.135441	-0.17260188	-0.17489995	-0.4746544	0.44418535	-0.23880002	0.3366875	-0.47811922	0.054963596	0.24157624	-0.63393635	-0.02472861	-0.21811523	0.0060759475	-0.015832018	-0.2545513	0.35558328	-0.58842236	-0.19872238	0.028009597	0.36831623	0.5865722	0.19526993	0.12368803	0.19961771	-0.3731433	0.5246655	-0.056715176	-0.057342056
0.49881253	0.16202214	-0.18081273	-0.17912775	-0.49152112	0.4586542	-0.22510482	0.35458842	-0.4901474	0.038869675	0.21833912	-0.6670487	-0.024674866	-0.2328582	0.005380898	-0.014847616	-0.23232323	0.37396696	-0.5808554	-0.1916668	0.0131685315	0.38250142	0.5942654	0.19519559	0.13915193	0.21425746	-0.39824012	0.5558471	-0.04592444	-0.036903042
0.4722098	0.15389127	-0.1689945	-0.1517296	-0.45610535	0.44487107	-0.2021605	0.32944834	-0.43821543	0.031871088	0.22131923	-0.60461706	-0.032142397	-0.21952267	0.02496242	0.0113194855	-0.23534732	0.32618058	-0.5547177	-0.16621795	0.010000454	0.3581796	0.5552991	0.17852195	0.13985868	0.20468393	-0.35285428	0.5097501	-0.025331384	-0.05982845
0.4737221	0.15662722	-0.18699409	-0.17439745	-0.47393247	0.4659233	-0.22773592	0.33732253	-0.47952116	0.044423126	0.21788779	-0.6527991	-0.017284958	-0.2530189	0.002947357	0.010297402	-0.24986726	0.3634292	-0.59949535	-0.20291267	0.012342191	0.35349542	0.58900565	0.18784708	0.15597941	0.23094527	-0.39363062	0.5647546	-0.051076934	-0.03863847
0.4504626	0.14877582	-0.17618196	-0.16892187	-0.42831036	0.42436585	-0.19567846	0.3095417	-0.45404285	0.032083195	0.21177033	-0.5982934	-0.03253029	-0.22544412	-0.0015397472	-0.019287389	-0.21883138	0.3262681	-0.5365469	-0.18239523	0.015547852	0.32335165	0.5471792	0.179161	0.112356745	0.20971334	-0.36605036	0.5026983	-0.037606593	-0.031618174
0.46937743	0.15569875	-0.17783193	-0.16122952	-0.46962252	0.45715445	-0.22925325	0.32833505	-0.46064788	0.052898902	0.23919295	-0.6498984	-0.020652827	-0.23589978	0.008860055	-0.007454953	-0.24051514	0.3583475	-0.58366144	-0.19572067	0.029800517	0.3519635	0.5821783	0.18189132	0.1329639	0.22182404	-0.37147614	0.531317	-0.028616782	-0.03353976
0.44656384	0.13978598	-0.1489171	-0.15493871	-0.44890055	0.4134753	-0.19023633	0.3273685	-0.42904794	0.04334136	0.21263102	-0.6061002	-0.005382171	-0.20262985	0.013414003	0.014367109	-0.23882362	0.31074423	-0.5435602	-0.16400814	0.010003979	0.31855005	0.5329294	0.18151742	0.13848975	0.19223504	-0.36048806	0.5095382	-0.027618477	-0.046891503
0.4177069	0.14106612	-0.14608783	-0.13102978	-0.41860637	0.39274088	-0.2070121	0.3054238	-0.40405682	0.03633488	0.19153269	-0.5651486	-0.023733793	-0.20342192	0.0027585225	-0.003157214	-0.22805293	0.3212703	-0.4946638	-0.17154084	0.009837888	0.2991732	0.5036372	0.14497715	0.10278682	0.19288039	-0.34103003	0.48382518	-0.04082343	-0.053888887
0.50801533	0.14244206	-0.18592404	-0.17384765	-0.50571	0.45970887	-0.21720043	0.37023935	-0.49273917	0.0400384	0.23553467	-0.6841788	-0.038464267	-0.23177613	-0.0011712777	-0.01743061	-0.27081951	0.37681964	-0.60102636	-0.1939684	0.017231582	0.37339833	0.6025553	0.18739305	0.130757	0.21793097	-0.40163815	0.5695944	-0.05308466	-0.045844495
0.47907093	0.1459774	-0.17638919	-0.17168371	-0.47640106	0.4727656	-0.23377705	0.3531328	-0.47057587	0.05225511	0.2262872	-0.6656076	-0.030384326	-0.23065095	0.0032803172	-0.006524099	-0.25637367	0.36051664	-0.5861878	-0.17965977	0.017648231	0.373075	0.5982543	0.16706441	0.14617836	0.1956646	-0.40858203	0.5471445	-0.061966807	-0.048670907
0.42002773	0.14320804	-0.16309348	-0.1566415	-0.4166613	0.39885136	-0.20405377	0.29262835	-0.405133	0.05313972	0.18042389	-0.54090726	-0.02612979	-0.2157125	0.0007032667	-0.0048413784	-0.21305074	0.29807165	-0.50187993	-0.15932119	0.011527337	0.29692906	0.5072995	0.14843142	0.112293966	0.1732653	-0.31819433	0.4563186	-0.024367353	-0.051464964
0.4910462	0.16269046	-0.20553888	-0.16963196	-0.51887405	0.47413144	-0.22268023	0.35950986	-0.50913286	0.057651415	0.2425534	-0.6811956	-0.023679508	-0.25539556	0.030311197	0.012590439	-0.2590217	0.36979425	-0.6286455	-0.21233886	0.024589188	0.37950194	0.5968072	0.19822244	0.13743731	0.22826871	-0.41676608	0.5589547	-0.054297056	-0.042353425
0.36097297	0.13490957	-0.15359484	-0.13299707	-0.35883188	0.35708475	-0.16841	0.25948426	-0.36874685	0.024103062	0.1774113	-0.5135683	-0.029498903	-0.19221494	0.021572853	-0.0020706267	-0.2001488	0.27544808	-0.47200537	-0.15549295	0.004561134	0.27566385	0.445028	0.14561804	0.102786645	0.16482365	-0.2866545	0.4234436	-0.04648149	-0.02064619
0.4954427	0.16589898	-0.17723674	-0.1607938	-0.48550966	0.4789431	-0.22871909	0.34955052	-0.47178274	0.039940994	0.24185272	-0.66259646	-0.005884641	-0.24837139	0.023259416	-0.011048061	-0.24828558	0.36686274	-0.5950048	-0.19662645	-0.00066584616	0.38473365	0.57947516	0.18347852	0.13533138	0.198489	-0.38191816	0.560644	-0.03661009	-0.052093357
0.43771273	0.123552084	-0.17329162	-0.17134294	-0.45085883	0.4237825	-0.22186385	0.32870305	-0.4290649	0.05371557	0.2209513	-0.5967575	-0.036651902	-0.21821539	0.028002352	-0.0043611736	-0.23721287	0.3231419	-0.54349595	-0.1883284	0.0039642327	0.32243228	0.5392659	0.15453213	0.12454355	0.20157547	-0.34651914	0.5126134	-0.05731817	-0.043614358
0.41250443	0.12046655	-0.15283777	-0.14018343	-0.41988117	0.40385064	-0.20286083	0.31796122	-0.41109163	0.051811714	0.20298503	-0.57803607	-0.033502847	-0.21476959	0.017913632	0.0055554924	-0.20403749	0.31474647	-0.5082336	-0.17061368	-0.0017577488	0.34080625	0.53280747	0.17624645	0.11740769	0.2016485	-0.33410412	0.47546142	-0.032763775	-0.026741493
0.47020954	0.15485038	-0.18584879	-0.16452467	-0.47170335	0.4655203	-0.210784	0.35513148	-0.4736766	0.0329285	0.22012901	-0.63290477	-0.034386866	-0.23105033	-0.0025653152	0.0041376366	-0.24586172	0.36126447	-0.5720247	-0.17769891	0.009322435	0.36464304	0.57766527	0.16630669	0.14650127	0.22405615	-0.3787117	0.5243132	-0.040828627	-0.03793656
0.4126291	0.113951474	-0.16143087	-0.13525812	-0.41621464	0.39914557	-0.19487597	0.27956247	-0.41580972	0.02272105	0.19301319	-0.5604663	-0.0318563	-0.196842	0.017383307	-0.011163623	-0.20012856	0.30258644	-0.516094	-0.16395663	0.007085194	0.29391262	0.51196045	0.15857363	0.103646904	0.1825784	-0.32356778	0.44675335	-0.022542078	-0.045981918
0.39828697	0.10992839	-0.13108435	-0.12131306	-0.36578724	0.3795652	-0.19026187	0.2781217	-0.37942728	0.03022047	0.17127162	-0.50607985	-0.0018875526	-0.2011999	0.026599703	-0.014837013	-0.18016626	0.27422217	-0.4646181	-0.1406277	0.026990416	0.28234306	0.4526933	0.14942223	0.123113595	0.15931703	-0.29918128	0.41613507	-0.044003766	-0.03023466
0.4764333	0.13981771	-0.16983698	-0.17574503	-0.46695918	0.4522124	-0.2051651	0.35253802	-0.4813247	0.049203567	0.21258242	-0.6225898	-0.022339873	-0.22866614	0.026614983	-0.00043992273	-0.2551299	0.33720055	-0.56227636	-0.16834795	0.0005716754	0.34506938	0.5784731	0.16560382	0.12248379	0.19797397	-0.36432523	0.52464795	-0.03249258	-0.047966905
0.45816013	0.1430064	-0.16670597	-0.14214225	-0.4618918	0.42729568	-0.21651518	0.33349007	-0.4392264	0.038026292	0.20448041	-0.60348994	-0.010764477	-0.22651322	0.0057414337	-0.019597469	-0.23431751	0.31876343	-0.55367863	-0.1759414	0.028280275	0.34404674	0.5557803	0.17001988	0.13057172	0.19984785	-0.35132968	0.5121908	-0.057025146	-0.04999942
0.51354903	0.15302315	-0.21964422	-0.1658478	-0.534086	0.5185883	-0.2318667	0.3922349	-0.54129153	0.03157932	0.24387713	-0.7280597	-0.017788786	-0.2521008	-0.0021020118	-0.019874934	-0.2569496	0.40052664	-0.6398465	-0.2194481	0.015378463	0.3899335	0.6405158	0.20766212	0.13765942	0.2319503	-0.42622718	0.592399	-0.05090589	-0.045843616
0.47905326	0.15839648	-0.16719395	-0.16877826	-0.46144167	0.4493192	-0.2308692	0.3459586	-0.48442036	0.037676733	0.21205264	-0.63200945	-0.037523124	-0.2430278	0.006458522	-0.012752917	-0.24341027	0.3577791	-0.58648044	-0.19942407	-0.00082628854	0.3588679	0.56492317	0.16364096	0.1258911	0.20191935	-0.39281446	0.52701813	-0.040953167	-0.048780866
0.42849538	0.14683829	-0.17197074	-0.1533052	-0.44041327	0.41788673	-0.21096973	0.30809832	-0.43389463	0.042238884	0.22779305	-0.5941666	-0.020027267	-0.20532233	0.00021071007	-0.002377792	-0.23364583	0.3417382	-0.55417603	-0.15512381	0.016239287	0.32334018	0.5200078	0.15858762	0.1404093	0.18654518	-0.3484321	0.48514867	-0.036320437	-0.0583607
0.3850813	0.122976184	-0.1385733	-0.1476817	-0.37874377	0.3761215	-0.19378754	0.26609743	-0.39789465	0.050627843	0.17362984	-0.5128465	-0.008317642	-0.18571518	0.017331118	-0.014902548	-0.20888725	0.30779874	-0.47040123	-0.16269846	0.022085488	0.29185963	0.4764786	0.14822517	0.10528593	0.18625301	-0.31356153	0.43806738	-0.030522982	-0.024310613
0.44964674	0.1486247	-0.1668615	-0.1643975	-0.44386715	0.41399312	-0.21616438	0.33946136	-0.45966762	0.04850255	0.22895777	-0.61767673	-0.005439589	-0.21286426	0.0073290714	0.0036610572	-0.21796998	0.3289071	-0.5639412	-0.17694794	0.019844392	0.3444367	0.529013	0.15363836	0.12396437	0.21331131	-0.3722613	0.50628674	-0.037429698	-0.055204306
0.42676106	0.15268454	-0.18077253	-0.14348035	-0.44497427	0.40987	-0.2165809	0.31117564	-0.42460793	0.039641496	0.19965948	-0.58347243	-0.02051098	-0.22554415	0.025016213	-0.009221499	-0.23029226	0.3137256	-0.53950906	-0.17303595	0.029028106	0.33167627	0.5486021	0.15965834	0.12257367	0.18104468	-0.36034948	0.49937263	-0.041818626	-0.05787391
0.3640815	0.09936705	-0.13949127	-0.14224508	-0.36720946	0.34596688	-0.16000895	0.26588717	-0.37642527	0.047828745	0.1673544	-0.48621374	-0.023502236	-0.18888396	0.014805879	-0.011276878	-0.18811093	0.25951374	-0.44163787	-0.14129047	0.009307395	0.27291045	0.44960418	0.13270105	0.116150364	0.1437368	-0.30418664	0.39896077	-0.034816857	-0.022050763
0.4945326	0.14927886	-0.20487028	-0.16498777	-0.5034059	0.48052087	-0.22727247	0.37749833	-0.5028924	0.06109013	0.22711033	-0.6717988	-0.018295983	-0.23955183	0.027618673	-0.02091979	-0.2522689	0.3562305	-0.59413266	-0.18867771	0.02433317	0.35949385	0.5839043	0.18326002	0.13944007	0.22867559	-0.40471667	0.5549559	-0.04447027	-0.06148183
0.4392376	0.13565758	-0.16969663	-0.16059105	-0.43057042	0.41901776	-0.19380148	0.3276331	-0.44433698	0.023861093	0.19618656	-0.59044695	-0.0062626796	-0.20631598	0.014732043	0.005757973	-0.21600448	0.34263387	-0.53870076	-0.15447591	0.008585051	0.33348042	0.52387595	0.1523563	0.12502518	0.1817243	-0.36308753	0.49062136	-0.037176445	-0.044861704
0.5125218	0.15987766	-0.20125246	-0.17348287	-0.4856605	0.4760906	-0.21849383	0.37487644	-0.487841	0.03711794	0.2392512	-0.6844118	-0.026357306	-0.2454054	-0.0010366008	-0.0057425667	-0.25063404	0.36207384	-0.61723495	-0.19754718	0.016009063	0.38295296	0.60212225	0.18771309	0.15438421	0.22687653	-0.41118026	0.55374885	-0.04267251	-0.054295424
0.3917403	0.12427507	-0.15316065	-0.12366957	-0.383586	0.35888892	-0.17826112	0.27830127	-0.3985863	0.024191733	0.18712573	-0.5348295	-0.0077908137	-0.20315172	0.01654813	-0.00785878	-0.21039787	0.2957122	-0.4701452	-0.16263983	-0.0035446112	0.2898229	0.46488547	0.16266648	0.11235047	0.15547435	-0.30922413	0.453794	-0.038520426	-0.04883223
0.4814676	0.15575522	-0.1787441	-0.18043934	-0.4808462	0.45860875	-0.2319979	0.3401392	-0.48773128	0.03376125	0.2348331	-0.6591615	-0.0075661694	-0.25189883	0.028994981	-0.015434217	-0.25149012	0.35552552	-0.586734	-0.17530401	0.024874683	0.3775212	0.59736913	0.19577014	0.13731094	0.19840167	-0.3917036	0.5330621	-0.060580984	-0.046586055
0.43244871	0.14482987	-0.17643675	-0.16729158	-0.44689214	0.43767104	-0.20020124	0.32573068	-0.44834733	0.037446693	0.23122631	-0.59034055	-0.007316669	-0.21650012	0.020515112	-0.017478455	-0.21888371	0.33702904	-0.5478264	-0.17882633	-0.0008881079	0.32628596	0.5399314	0.17977545	0.12243927	0.20624092	-0.37043887	0.5105715	-0.03206417	-0.043950398
0.38606805	0.12639697	-0.13394506	-0.12507385	-0.39446723	0.37954205	-0.19535343	0.2854754	-0.39799672	0.04230132	0.1872547	-0.5014419	-0.007582684	-0.1932537	-8.49669e-05	0.0049618306	-0.18619305	0.2960509	-0.46049002	-0.1369647	0.0035150626	0.30169556	0.4611194	0.12970246	0.09949912	0.17888518	-0.29647774	0.4310985	-0.024868071	-0.053011816
0.4103586	0.123012304	-0.1471323	-0.1515758	-0.4188483	0.40380546	-0.20397072	0.30712986	-0.42333686	0.030118529	0.19753008	-0.551997	-0.0062786546	-0.20083617	0.0136909755	-0.0112790065	-0.21474588	0.32460755	-0.5132188	-0.15124556	0.0010465399	0.3253751	0.49798763	0.16859971	0.12638979	0.16631824	-0.32238814	0.45245513	-0.043796	-0.037922602
0.41643053	0.115998365	-0.1435543	-0.15265332	-0.4138412	0.39992994	-0.203607	0.30505678	-0.39289075	0.021004686	0.19014108	-0.5534218	-0.0065023024	-0.21526071	0.001131264	-0.013451179	-0.20491332	0.28522146	-0.4909381	-0.15408897	-0.0005350036	0.2965892	0.50523144	0.15256937	0.12773272	0.1908273	-0.3278576	0.44016817	-0.044583067	-0.024276778
0.3956536	0.12517673	-0.16746698	-0.13446724	-0.40198895	0.40522337	-0.20446958	0.30094573	-0.40847915	0.04165515	0.20222935	-0.5574559	-0.0050174547	-0.19191135	0.019223271	-0.0025508273	-0.21450354	0.31038976	-0.49880895	-0.17184755	0.007474271	0.30751386	0.4821396	0.162622	0.09840938	0.17746063	-0.33642185	0.46147886	-0.04506889	-0.035204582
0.4548701	0.13923675	-0.174956	-0.14925209	-0.45930478	0.45200822	-0.20910454	0.3213181	-0.4683716	0.049564153	0.22804795	-0.64220256	-0.011907339	-0.22667421	-0.0014311197	0.0034247788	-0.2430003	0.35453883	-0.5639199	-0.1884086	0.01126505	0.36689737	0.5582889	0.16784933	0.13924305	0.1881294	-0.3844278	0.5333758	-0.043642677	-0.05392985
0.514657	0.15606661	-0.20066695	-0.18047753	-0.5179583	0.5060129	-0.24227506	0.36851552	-0.5351852	0.036567386	0.25386193	-0.7184233	-0.025676357	-0.275471	0.024921512	-0.007988997	-0.27670217	0.39204046	-0.654807	-0.21064807	0.0019046257	0.41365314	0.6461219	0.20813796	0.14875123	0.22586717	-0.43365878	0.5825903	-0.047343533	-0.054134276
0.44789642	0.12702204	-0.17852613	-0.16620897	-0.44621408	0.43101594	-0.22522911	0.3144392	-0.44061863	0.0548423	0.20809673	-0.6054982	-0.006394079	-0.21213123	0.025862353	0.0074497373	-0.24738277	0.3477002	-0.55550414	-0.17619805	0.0011251903	0.35478836	0.54115796	0.15540724	0.1218569	0.20710717	-0.37205288	0.49283054	-0.028377552	-0.04374901
0.445715	0.13459495	-0.17254476	-0.16449744	-0.427624	0.41432887	-0.20677608	0.31818044	-0.4567206	0.03360543	0.2115186	-0.6021876	-0.029225685	-0.20275767	-0.0027239565	-0.013217949	-0.21457335	0.3362156	-0.5429404	-0.17145926	0.01598734	0.3484016	0.54327035	0.17006859	0.13797724	0.18852767	-0.36677757	0.51621723	-0.029855413	-0.039147694
0.32834437	0.0966748	-0.13029833	-0.11732408	-0.34671515	0.31767714	-0.15930472	0.23734468	-0.3328287	0.021137068	0.1636661	-0.46290648	-0.00230645	-0.16999264	-0.0009000858	0.012914102	-0.16276662	0.24044247	-0.41080558	-0.12226368	0.01594472	0.2681004	0.39944717	0.12929757	0.09323276	0.13537681	-0.28907284	0.38561758	-0.031099362	-0.04442605
0.40415534	0.11110586	-0.14152738	-0.13985886	-0.401172	0.39470893	-0.18652055	0.30152082	-0.40328306	0.037292533	0.2044137	-0.5564941	-0.019425526	-0.19901885	0.015923474	-0.015247325	-0.19414228	0.30619422	-0.49059585	-0.1563292	0.016156878	0.28967243	0.49520946	0.16288966	0.09678175	0.17537221	-0.3226642	0.4598267	-0.047540873	-0.03067825
0.5072391	0.1489001	-0.20542625	-0.17830126	-0.49286273	0.46048868	-0.24773386	0.37632722	-0.5089118	0.046827868	0.22752963	-0.68059254	-0.02424252	-0.25924632	0.017366763	0.0027720763	-0.23982358	0.36547256	-0.6248896	-0.18459712	0.008122127	0.3935641	0.58963114	0.18035519	0.12946886	0.22106725	-0.38780156	0.5541362	-0.050045226	-0.051026557
0.48477086	0.13659535	-0.18369165	-0.16797996	-0.4665938	0.45488092	-0.24014504	0.35297066	-0.48859385	0.041272327	0.21458912	-0.6452142	-0.035820674	-0.23368588	-0.0011341852	-0.00086675846	-0.23434056	0.3620292	-0.5819514	-0.18818718	0.028040156	0.37756723	0.5619701	0.19351156	0.13100265	0.22313668	-0.3856838	0.5530155	-0.041909553	-0.041778833
0.4728849	0.15712227	-0.16116115	-0.16876756	-0.44939527	0.45283118	-0.22486651	0.33460376	-0.45994365	0.029375112	0.23196776	-0.6204584	-0.007568456	-0.21198018	0.02945804	-0.0073460154	-0.22397633	0.3461539	-0.55086243	-0.18369305	0.01390662	0.33424112	0.55822366	0.17642215	0.12715067	0.20121555	-0.3794773	0.5302283	-0.05132753	-0.05862029
0.40745127	0.12590826	-0.15302181	-0.12525515	-0.39832	0.38598135	-0.18643272	0.29854244	-0.41203064	0.042802952	0.18166128	-0.56279653	-0.027896093	-0.1984868	0.021538915	-0.007504683	-0.19895498	0.2867879	-0.5089976	-0.15174814	0.014003319	0.3064266	0.5089005	0.14989801	0.11130672	0.17379841	-0.33488178	0.44389147	-0.022582754	-0.025019959
0.48493305	0.15675695	-0.18416242	-0.16173735	-0.4599782	0.43629414	-0.23805796	0.357416	-0.47135666	0.03131684	0.22654969	-0.64508617	-0.026831927	-0.2460098	0.009661939	-0.010928776	-0.228918	0.36847156	-0.5973752	-0.1801446	0.029949376	0.37765378	0.5874489	0.18577294	0.12863448	0.22310829	-0.3954903	0.53066087	-0.030285478	-0.050660152
0.5197181	0.17737037	-0.20417662	-0.16700305	-0.5216219	0.5117514	-0.2562862	0.37018466	-0.52254295	0.05485065	0.24924749	-0.7064569	-0.034890085	-0.2520721	0.02369951	0.00067674764	-0.2715155	0.3846356	-0.6656373	-0.19093436	0.004391862	0.41515216	0.6422012	0.19568236	0.16103446	0.24646628	-0.41448203	0.58009595	-0.050069407	-0.049081556
0.4795005	0.15132366	-0.18390518	-0.14865749	-0.4542979	0.4301317	-0.23197667	0.3239447	-0.4782236	0.04462589	0.23313285	-0.61425745	-0.014616234	-0.22602364	0.029347729	-0.013668525	-0.24649559	0.33220354	-0.57628846	-0.18525468	0.009269585	0.3627046	0.5557186	0.16731657	0.12719098	0.20792288	-0.38722232	0.50563043	-0.055599272	-0.039650086
0.48911446	0.13828051	-0.18539685	-0.16264355	-0.46357965	0.47763595	-0.22652665	0.35589248	-0.47811967	0.044923976	0.23115826	-0.66218776	-0.03895347	-0.23629144	0.012590678	-0.005910619	-0.24044162	0.3710484	-0.5797799	-0.18817411	0.005445446	0.35997942	0.5875011	0.16737871	0.13120095	0.20248035	-0.3847773	0.54371434	-0.060482517	-0.046746183
0.44627047	0.14651255	-0.16202722	-0.16542593	-0.43859306	0.42885032	-0.21557792	0.3115537	-0.44193897	0.025651023	0.22654425	-0.59051406	-0.009712653	-0.2321013	-0.0032419546	0.0033740203	-0.22310673	0.3261613	-0.54724383	-0.18821687	0.00643282	0.34421778	0.53020513	0.16668025	0.14086066	0.1851751	-0.3675221	0.49277842	-0.051855117	-0.05038676
0.46317998	0.15987326	-0.18705104	-0.15762083	-0.43808633	0.4403121	-0.21083997	0.3270147	-0.45975593	0.027706502	0.21473792	-0.6014531	-0.03544309	-0.23160753	0.009935343	-0.010983681	-0.24974695	0.35420218	-0.5486085	-0.16287379	0.0061161323	0.3594691	0.5555946	0.1705919	0.13814066	0.20134634	-0.352795	0.5209366	-0.043165218	-0.05847958
0.46127972	0.15323357	-0.1740385	-0.15137935	-0.44043157	0.41546598	-0.21942852	0.3345995	-0.46049058	0.03575752	0.22405347	-0.60377747	-0.0248892	-0.20729767	-0.0018640556	-0.011898102	-0.21557269	0.33132204	-0.54021627	-0.18016718	0.00082863757	0.3237075	0.5470112	0.17988953	0.14159815	0.21294454	-0.35932466	0.5037992	-0.052720357	-0.032111954
0.43902075	0.15534899	-0.18206152	-0.15343046	-0.45603365	0.43739694	-0.21648432	0.3289916	-0.46445704	0.05277201	0.21411201	-0.60939753	-0.01970787	-0.22431451	0.020285642	0.0108755585	-0.24228849	0.32434	-0.5730562	-0.16436419	0.016584411	0.33174196	0.55055696	0.16745706	0.14013614	0.2130216	-0.3687526	0.51579404	-0.05751022	-0.054849636
0.40836388	0.1261457	-0.16100723	-0.12307557	-0.4160226	0.3972786	-0.17329581	0.30374134	-0.41640678	0.043465607	0.18820192	-0.55244106	-0.029527308	-0.19894294	0.01729762	-0.011207313	-0.22231992	0.2909699	-0.4873642	-0.15221488	0.018027086	0.3036999	0.50153244	0.15192483	0.12324573	0.19093983	-0.32605207	0.43733338	-0.024776096	-0.035358056
0.46324387	0.15856782	-0.19448936	-0.17012593	-0.46376425	0.45562655	-0.23976901	0.34136885	-0.4818014	0.048866622	0.24302395	-0.6359152	-0.012004203	-0.25135148	0.02350097	0.0048811934	-0.2643189	0.3402161	-0.5760259	-0.19061406	0.015728718	0.37914097	0.5702788	0.1943696	0.12997255	0.22376083	-0.39894754	0.5544716	-0.033998698	-0.044466306
0.41357276	0.13028508	-0.14842469	-0.13104033	-0.4066625	0.40085384	-0.18839312	0.2794067	-0.41699085	0.03119244	0.18783824	-0.5621675	-0.019493354	-0.19278991	0.0019289919	-0.014111714	-0.2023291	0.28843752	-0.510617	-0.1688933	0.012088198	0.29328528	0.4822858	0.14757666	0.10814558	0.19283235	-0.34171954	0.4397061	-0.053829428	-0.027883887
0.5129505	0.1490528	-0.18716903	-0.19347902	-0.5367385	0.5098975	-0.25766167	0.37469146	-0.53235537	0.038904026	0.26335004	-0.69120634	-0.017918538	-0.2692587	0.029798644	0.005931101	-0.25601423	0.40159696	-0.6436902	-0.2085433	0.028567	0.39916044	0.64948344	0.21402693	0.1449496	0.21881099	-0.4191822	0.59261966	-0.044808254	-0.04512947
0.46316388	0.14552082	-0.17869309	-0.16513538	-0.44772738	0.43036947	-0.207319	0.33255544	-0.4462976	0.029332869	0.21852028	-0.6324758	-0.016264107	-0.2174859	-0.003868753	0.0059348033	-0.22527282	0.3564225	-0.57825565	-0.17513344	0.01280909	0.3509127	0.5405513	0.16807763	0.1239119	0.21407492	-0.3823701	0.52102107	-0.030489469	-0.054115135
0.5069482	0.17472881	-0.17850041	-0.16263972	-0.5035423	0.46327782	-0.22571847	0.35515454	-0.5168848	0.040954117	0.2373803	-0.6830842	-0.022396715	-0.24792756	0.022094492	-0.008420228	-0.27847865	0.3831389	-0.64287007	-0.20590481	0.0022263436	0.39468196	0.6067961	0.20766169	0.13846008	0.20605527	-0.4133578	0.56551945	-0.047182564	-0.0652045
0.44351926	0.14151125	-0.17130738	-0.14753363	-0.44745162	0.40446422	-0.1984675	0.30815774	-0.4418109	0.034636326	0.21544479	-0.58000773	-0.008555093	-0.20879541	0.008868129	0.0039510233	-0.21879952	0.32285425	-0.5394491	-0.17426	0.01927861	0.34874538	0.54877996	0.18001063	0.114535175	0.19055489	-0.3650686	0.5096963	-0.03949078	-0.039431136
