0.5222989	0.07720209	-0.7129161	-0.2728251	-0.026413143	-0.42217883	-0.6072462	0.5159879	0.33698666	0.077950366	-0.06863314	-0.14692768	0.06303959	-0.028517392	-0.49206692	-0.652646	-0.5176493	0.94577867	0.5344431	0.22555985	0.037486684	0.3563752	0.1486399	0.45830315	-0.11090467	-0.29212642	-0.12534791	-0.3265832	0.09194486	-0.033726946
0.48451594	0.07014792	-0.6398459	-0.24465235	-0.018678349	-0.3780799	-0.5604143	0.4510428	0.3086077	0.052771915	-0.06263268	-0.121374324	0.054035287	-0.0105177965	-0.44631997	-0.5973618	-0.46476468	0.86539125	0.47545242	0.22245374	0.03811429	0.33377895	0.12474161	0.42085853	-0.10461536	-0.26536766	-0.13548084	-0.2952472	0.09115038	-0.03329681
0.5419821	0.09113302	-0.7321012	-0.267389	-0.03030191	-0.44591781	-0.6375829	0.5274821	0.34234536	0.06340651	-0.06992763	-0.13174736	0.054737274	-0.015258069	-0.52532816	-0.64909726	-0.53670514	0.9730178	0.54525155	0.2546392	0.037035022	0.37723362	0.16159433	0.4880633	-0.1080005	-0.30302405	-0.13423386	-0.31766257	0.11308331	-0.035978634
0.4685256	0.07559327	-0.6369693	-0.22770517	-0.0007376221	-0.3973004	-0.5621971	0.47442546	0.32647717	0.0757081	-0.064572744	-0.11398804	0.05668019	-0.029242393	-0.43591905	-0.58047134	-0.467861	0.865914	0.48959282	0.19979921	0.021853436	0.31505895	0.14147814	0.4314176	-0.100332096	-0.26051313	-0.109512344	-0.28904694	0.10264852	-0.03980677
0.52444375	0.0868261	-0.7010206	-0.26216176	-0.0068363794	-0.42020217	-0.6149291	0.5189567	0.33496624	0.09045295	-0.08459621	-0.14668095	0.03487464	-0.026194008	-0.5139497	-0.64702255	-0.5126716	0.9590242	0.5228066	0.24050523	0.05602631	0.375743	0.16093805	0.47030628	-0.10288832	-0.2937593	-0.1227899	-0.31565058	0.10095083	-0.029039122
0.44329756	0.050128337	-0.59520894	-0.23536514	-0.022086704	-0.3631122	-0.5286058	0.41669795	0.27711433	0.04946053	-0.04473617	-0.10120173	0.05034653	-0.03263415	-0.4280743	-0.53734404	-0.4320391	0.7859976	0.43141437	0.20932786	0.031115675	0.2963242	0.12304017	0.39087355	-0.084626816	-0.24106821	-0.101876274	-0.26401317	0.09765523	-0.0133939255
0.5290114	0.07620947	-0.72424835	-0.25199965	-0.029439708	-0.43960616	-0.6022545	0.5242646	0.35031053	0.08741864	-0.066442706	-0.14163724	0.040167153	-0.031334165	-0.5101333	-0.6545628	-0.50857544	0.9343387	0.5497385	0.23784705	0.0505745	0.37952977	0.1308729	0.46416777	-0.10125637	-0.27469176	-0.14196016	-0.3158186	0.093028285	-0.036338422
0.44983158	0.07319859	-0.63657266	-0.23046732	-0.006956858	-0.36490577	-0.53641254	0.46205655	0.30448425	0.07013272	-0.06510524	-0.13317604	0.051425386	-0.017393205	-0.43204048	-0.57282585	-0.45112523	0.86206	0.46110463	0.21229541	0.036215052	0.3077807	0.13242343	0.4347519	-0.10780388	-0.23809433	-0.1134968	-0.2777877	0.11119613	-0.034171198
0.47358656	0.06522235	-0.6433972	-0.23962583	-0.029020423	-0.39014968	-0.57427746	0.46747118	0.31001908	0.0828781	-0.0808831	-0.10827813	0.058180824	-0.030592995	-0.4580366	-0.59118754	-0.47609127	0.863406	0.49986437	0.20433341	0.035229165	0.34648976	0.11392565	0.443933	-0.0875129	-0.26333204	-0.13232541	-0.30408156	0.103624225	-0.023091162
0.502491	0.084782206	-0.6797818	-0.25348148	-0.014674189	-0.40010378	-0.58732593	0.50243485	0.3203121	0.056888264	-0.064466976	-0.13401332	0.0574902	-0.0098308455	-0.48927304	-0.6132244	-0.49121752	0.8942238	0.5243921	0.21765007	0.048871353	0.33139956	0.124351084	0.462166	-0.10116608	-0.24661183	-0.12861031	-0.30324063	0.09280361	-0.018909313
0.45762718	0.06559094	-0.6076768	-0.2228619	-0.013120211	-0.37155703	-0.5369519	0.4329872	0.29361653	0.05613505	-0.06572699	-0.12980539	0.027820788	-0.011308089	-0.42105308	-0.54572093	-0.419691	0.81577384	0.46015015	0.19391337	0.048246633	0.29960343	0.12509236	0.40246803	-0.0977573	-0.24511735	-0.11848684	-0.28293976	0.09946959	-0.04077643
0.4477956	0.08027529	-0.5972665	-0.22038345	0.0045997435	-0.35602942	-0.5314044	0.43305838	0.29265136	0.046807192	-0.045664556	-0.10843978	0.02637871	-0.010787543	-0.43358266	-0.56158537	-0.43618557	0.8204939	0.46375105	0.19485351	0.037132055	0.318137	0.12806755	0.41625366	-0.1035528	-0.2522135	-0.12686792	-0.26174223	0.07804402	-0.03578831
0.49139342	0.06725301	-0.6440343	-0.22649133	-0.030033242	-0.38605857	-0.5698691	0.47277433	0.33231574	0.06415144	-0.074469544	-0.13152373	0.03675279	-0.0030406727	-0.46618986	-0.5866364	-0.47795784	0.8864699	0.50146407	0.21861945	0.052450992	0.3385115	0.1381731	0.42653203	-0.102708615	-0.2420291	-0.12775125	-0.30944505	0.09208406	-0.026015652
0.49562833	0.06563061	-0.6519219	-0.25766224	-0.014998625	-0.40487596	-0.5993094	0.49826398	0.33467263	0.059532646	-0.083189644	-0.13046457	0.054929137	-0.025097134	-0.4783667	-0.6116946	-0.47102883	0.89879215	0.50583535	0.23808455	0.054921664	0.34490356	0.13439044	0.44333324	-0.11598794	-0.25223106	-0.13321151	-0.29082662	0.110769235	-0.013497322
0.5005767	0.06601283	-0.6602071	-0.24438284	0.00050353137	-0.41220593	-0.5663419	0.48190144	0.32443562	0.072153546	-0.07668437	-0.12203675	0.029444147	-0.018200485	-0.47396675	-0.61495286	-0.4690003	0.8939124	0.50831807	0.23711127	0.03274433	0.32601613	0.11830385	0.4505083	-0.11983224	-0.2677933	-0.1368034	-0.31542045	0.11178933	-0.038833518
0.39628777	0.04604338	-0.5143445	-0.19681261	-0.019412674	-0.3199199	-0.46310124	0.37882513	0.26975676	0.062133405	-0.045703407	-0.099420525	0.043076012	-0.003474692	-0.37612745	-0.47907832	-0.35991096	0.71575755	0.3939087	0.17380029	0.018926889	0.26086918	0.10647066	0.3487617	-0.10038828	-0.19531122	-0.10441935	-0.24985388	0.0848752	-0.037444092
0.4703151	0.061202142	-0.63164943	-0.24806227	-0.018150646	-0.36256257	-0.559081	0.46955404	0.32184106	0.064160444	-0.0668742	-0.10879575	0.036560785	-0.0023391414	-0.43356115	-0.556622	-0.43849894	0.8597382	0.46681705	0.21684037	0.052015435	0.33640495	0.12537187	0.40663874	-0.11705026	-0.23191704	-0.12243254	-0.29183963	0.079709366	-0.038069088
0.47660485	0.0529291	-0.6338059	-0.23761189	-0.019749824	-0.40157825	-0.55280286	0.44845003	0.3062079	0.06090551	-0.07340161	-0.11205526	0.05974071	-0.0149844745	-0.46654078	-0.5778104	-0.46110892	0.85078764	0.49901038	0.2226925	0.039699133	0.33605573	0.13006842	0.43313447	-0.10694166	-0.25276297	-0.12841481	-0.29566866	0.08739796	-0.033699624
0.3839373	0.0580789	-0.54676497	-0.2125065	0.0025366307	-0.3099303	-0.47260955	0.3753418	0.26751077	0.070972726	-0.040450368	-0.08698413	0.028706197	-0.015917005	-0.39026773	-0.47256783	-0.37292463	0.7188525	0.40324005	0.17322035	0.017925216	0.26048082	0.101246364	0.35407162	-0.071885206	-0.21949923	-0.09868056	-0.23451991	0.082207024	-0.027536748
0.48124835	0.08285787	-0.63741934	-0.24757299	-0.009183139	-0.38376257	-0.5647209	0.4627246	0.31989422	0.057211876	-0.057994355	-0.13005291	0.042012904	-0.00765957	-0.45719817	-0.59914887	-0.4484273	0.8803469	0.5004571	0.20739847	0.03798532	0.33372647	0.12596975	0.44651234	-0.097151324	-0.24326365	-0.122432716	-0.30522212	0.09423299	-0.029551478
0.49401787	0.06830101	-0.66096556	-0.2631449	-0.015089511	-0.40073538	-0.58934504	0.48208806	0.33902398	0.076558724	-0.052684672	-0.111220084	0.050063025	-0.0050387452	-0.48404965	-0.60784936	-0.4887982	0.8871958	0.51962245	0.2189178	0.049404163	0.3590397	0.144194	0.44295076	-0.09157629	-0.27760586	-0.11085255	-0.2886499	0.11187636	-0.018608477
0.431337	0.048907083	-0.57452714	-0.21125975	-0.019538002	-0.34135938	-0.52954257	0.42397708	0.2773532	0.073283166	-0.06778176	-0.106271416	0.030356282	-0.017199045	-0.4249017	-0.52591914	-0.40860853	0.7925573	0.45151985	0.19296397	0.04159655	0.31703338	0.10613044	0.39691225	-0.09473568	-0.23211148	-0.10248565	-0.2778025	0.092694804	-0.039974857
0.4679814	0.07836464	-0.6301264	-0.24790004	-0.015287564	-0.38054568	-0.5561515	0.46591967	0.3176791	0.050973628	-0.051235538	-0.13614838	0.030030267	-0.012425089	-0.4390796	-0.58793795	-0.46183878	0.8322189	0.47252634	0.1986251	0.048600886	0.3101778	0.11545199	0.43669316	-0.10238925	-0.24590115	-0.1325931	-0.27599958	0.109081544	-0.011261967
0.38563788	0.07172281	-0.54532546	-0.21775292	-0.02129657	-0.31661677	-0.47993377	0.40368065	0.2580781	0.06192371	-0.07091922	-0.09950981	0.037841264	-0.024024328	-0.39686087	-0.49475646	-0.401301	0.72941625	0.41671064	0.18785323	0.03827127	0.29419792	0.10755549	0.3577205	-0.10273908	-0.20085043	-0.11295809	-0.25776723	0.0923495	-0.029268699
0.45959067	0.06453159	-0.60900795	-0.23848988	-0.0020363557	-0.3704182	-0.5297768	0.45622572	0.3106921	0.06097459	-0.07905864	-0.1109583	0.02851192	-0.000511725	-0.43795836	-0.5678329	-0.43820742	0.8311814	0.47452092	0.19833776	0.046635956	0.32531878	0.10683173	0.41623095	-0.09663152	-0.22411843	-0.13111672	-0.27814946	0.099659115	-0.026811369
0.3716064	0.037923478	-0.5060976	-0.18524186	-0.025578726	-0.32060844	-0.44763473	0.37776536	0.2611967	0.06949493	-0.036911763	-0.10210085	0.033989638	-0.005943364	-0.360057	-0.48702785	-0.37230387	0.6963555	0.38778412	0.18964131	0.03195556	0.2751456	0.09914792	0.35698238	-0.0935867	-0.21379778	-0.08887967	-0.23442262	0.07995079	-0.02277027
0.36841807	0.070849694	-0.51196206	-0.17897092	0.003629659	-0.31335935	-0.4565627	0.38842362	0.26048464	0.06788927	-0.046108272	-0.10326856	0.0410916	0.0019909919	-0.3612489	-0.4852681	-0.35766643	0.68551785	0.3761308	0.1587476	0.021342836	0.26681858	0.111789614	0.32752177	-0.06881153	-0.19193831	-0.102961086	-0.23184517	0.07409677	-0.03119876
0.41980258	0.05456821	-0.57863295	-0.22360167	-0.024474729	-0.3480402	-0.50688314	0.4229891	0.2866438	0.05200843	-0.06644019	-0.12319549	0.03751936	-0.029115118	-0.39391714	-0.50608605	-0.402286	0.7560901	0.42276555	0.18222547	0.043916296	0.30373457	0.10392364	0.37708575	-0.10040711	-0.21520005	-0.09217298	-0.27070192	0.10185594	-0.030705744
0.39964437	0.059208702	-0.5282231	-0.18972307	0.0057345754	-0.33739564	-0.46684486	0.39669424	0.27341682	0.05681161	-0.041763283	-0.088699006	0.055305775	-0.005403925	-0.38002664	-0.4752569	-0.40174896	0.739245	0.3969835	0.18011901	0.04766662	0.28075364	0.10274169	0.366561	-0.078715235	-0.2259847	-0.10847805	-0.23611806	0.09670755	-0.02989052
0.47398418	0.062230896	-0.61685634	-0.22115543	-0.012680523	-0.38915923	-0.54707587	0.43915895	0.29905027	0.069713876	-0.06852023	-0.12295046	0.039951816	-0.022391817	-0.44378892	-0.5475956	-0.4495558	0.8187498	0.47409442	0.19703731	0.044066656	0.30678162	0.14163423	0.40879437	-0.09859191	-0.23902753	-0.13411655	-0.2911409	0.09991567	-0.01701602
0.4323644	0.076455005	-0.56877375	-0.21603686	-0.007228422	-0.3398592	-0.5119994	0.4314602	0.2906779	0.06773591	-0.057815924	-0.11377298	0.045487653	-0.0049894215	-0.41037205	-0.523052	-0.3999036	0.7647077	0.44813207	0.19207865	0.047743153	0.30563486	0.13172491	0.36807835	-0.07482685	-0.21026003	-0.12136268	-0.25906882	0.06904753	-0.02583677
0.34363356	0.044034828	-0.48922533	-0.19457084	-0.018400742	-0.2805931	-0.405156	0.34541255	0.24300417	0.066570856	-0.03762661	-0.07789839	0.04772353	-0.026174884	-0.3428831	-0.4285569	-0.3635678	0.6418812	0.36998877	0.17400683	0.017749583	0.24261804	0.098802395	0.30635217	-0.07188241	-0.20649913	-0.10239091	-0.21586666	0.07258108	-0.030188506
0.37041923	0.053539265	-0.52241397	-0.20127985	0.0027030683	-0.3161874	-0.44039154	0.38366988	0.25374103	0.04754541	-0.04226412	-0.09778901	0.04813994	-0.0106960675	-0.37927026	-0.48592228	-0.37328	0.70417327	0.40446725	0.15844539	0.029452348	0.28210363	0.093217775	0.35101867	-0.073468186	-0.21234357	-0.10260733	-0.2437576	0.08682901	-0.03806722
0.43458417	0.05067012	-0.5987527	-0.22130004	-0.023940759	-0.36276564	-0.5198433	0.40963966	0.27612597	0.06251341	-0.045130108	-0.105379224	0.043279782	-0.016043238	-0.39772582	-0.54427564	-0.42610878	0.7973366	0.45175996	0.19164556	0.039123707	0.2849444	0.12955739	0.3946201	-0.103706345	-0.2427003	-0.10977385	-0.2563649	0.09387822	-0.021037957
0.41383585	0.06927498	-0.56313694	-0.2090946	0.0017324702	-0.3467808	-0.4847578	0.39583272	0.28213608	0.06944782	-0.061532106	-0.10676146	0.052968755	-0.020889953	-0.39403942	-0.4957759	-0.39795014	0.7452469	0.4299292	0.20150192	0.028618593	0.28828716	0.12627015	0.3722369	-0.103827044	-0.2096674	-0.1201076	-0.2538415	0.07163433	-0.017600292
0.38165244	0.04442445	-0.5340054	-0.18483992	-0.0036131921	-0.3189824	-0.4576426	0.39232054	0.2713284	0.04950887	-0.0675445	-0.08348442	0.052341186	-0.0034477154	-0.35581926	-0.48717716	-0.3702942	0.70219505	0.39741606	0.16735657	0.046320304	0.2550136	0.10448858	0.3449981	-0.0880571	-0.22201192	-0.10367288	-0.25403026	0.083951704	-0.032140654
0.3962068	0.043838855	-0.5703508	-0.19562133	-0.015726803	-0.33006912	-0.47993588	0.3939633	0.26066667	0.060787003	-0.046871256	-0.09367058	0.036946096	-0.016727682	-0.40570453	-0.49010238	-0.38059127	0.76149315	0.42608798	0.18589188	0.027392643	0.30256477	0.113580644	0.36228922	-0.099878475	-0.21756585	-0.09396734	-0.26830932	0.09478674	-0.037022498
0.42746902	0.070472196	-0.57230306	-0.190773	-0.021085948	-0.32922882	-0.481632	0.4188502	0.28721005	0.047091134	-0.066647045	-0.10845491	0.03671782	-0.0011467481	-0.40939644	-0.5143195	-0.4134522	0.7650223	0.4145117	0.19406281	0.038646515	0.29803255	0.118015945	0.3797912	-0.10311925	-0.22730607	-0.108797766	-0.24386334	0.0748442	-0.033273477
0.32963616	0.037336346	-0.42971215	-0.1489908	0.00015068075	-0.27068415	-0.3906151	0.33185878	0.22877894	0.059241958	-0.03061351	-0.10004741	0.028851796	-0.0042639817	-0.2990573	-0.39150184	-0.32875168	0.59642494	0.33921793	0.1431691	0.012891284	0.24354932	0.07797973	0.28538024	-0.07221745	-0.16543491	-0.08714833	-0.20330729	0.053893704	-0.027364
0.44528523	0.06039663	-0.58722305	-0.2309019	-0.01657814	-0.36761495	-0.52383614	0.45008993	0.2950547	0.04938205	-0.06640184	-0.12628011	0.04948962	-0.017743552	-0.42079133	-0.5367805	-0.41697827	0.8274433	0.44655782	0.19684872	0.04843958	0.30762	0.12014948	0.40021554	-0.10915068	-0.22907296	-0.101136886	-0.28446525	0.09779812	-0.026735587
0.40489733	0.04269831	-0.5179696	-0.20510261	-0.001614097	-0.30896518	-0.44994128	0.38417307	0.2756036	0.055520978	-0.040024314	-0.098389186	0.02757682	-0.02915809	-0.3904853	-0.48413277	-0.38521627	0.7131387	0.39438704	0.16104549	0.015383067	0.2675487	0.101620115	0.36037472	-0.0698774	-0.22006325	-0.09562932	-0.23164853	0.06407786	-0.012158864
0.39523244	0.056000575	-0.5159877	-0.20305395	-0.027409138	-0.32152307	-0.44487184	0.365702	0.24079813	0.05333078	-0.0506076	-0.08778444	0.019829322	-0.026315661	-0.37631318	-0.48106548	-0.373808	0.7188976	0.3935801	0.18660338	0.018968381	0.2759943	0.11852652	0.34806496	-0.09767738	-0.21945122	-0.114670664	-0.23958072	0.070718236	-0.033889573
0.437267	0.07570939	-0.5884388	-0.23192066	0.0018825446	-0.35760605	-0.53625965	0.43435198	0.28791603	0.077805765	-0.06310826	-0.11792774	0.038376197	-0.010792481	-0.4269975	-0.5368369	-0.42684072	0.7996384	0.45151538	0.21293776	0.024196398	0.3069617	0.12032469	0.38501382	-0.10508101	-0.21663651	-0.11840527	-0.286107	0.07868906	-0.026747704
0.34689578	0.043099876	-0.46243137	-0.16754092	-0.006186784	-0.26833507	-0.39070845	0.34428683	0.2302585	0.058694523	-0.04166725	-0.09787492	0.040060498	-0.0074537834	-0.33834463	-0.43133593	-0.33363843	0.64014643	0.3524108	0.15804842	0.01529767	0.22601147	0.08087992	0.32111308	-0.061618593	-0.18486431	-0.10513865	-0.22023122	0.07615414	-0.0342978
0.4440056	0.048278328	-0.59142715	-0.2267487	-0.0035206988	-0.36405504	-0.5110454	0.4151065	0.3047861	0.05286086	-0.06440661	-0.10873992	0.036409464	-0.016850546	-0.41811007	-0.5320315	-0.42969716	0.80422705	0.4498675	0.21218632	0.03969429	0.30264452	0.13109316	0.39262387	-0.11167096	-0.23208584	-0.11038752	-0.26002625	0.0848055	-0.016839236
0.4318237	0.045613013	-0.5997927	-0.23152706	0.0043492215	-0.37053925	-0.5365753	0.43478984	0.2897559	0.07567679	-0.0467103	-0.104509905	0.031351384	-0.011363908	-0.44034755	-0.5346547	-0.42981115	0.8012711	0.4475053	0.19748522	0.039298236	0.32463878	0.13849482	0.39783219	-0.09612013	-0.22677545	-0.11621666	-0.274493	0.09574785	-0.00954144
0.35649863	0.051761948	-0.487272	-0.19777228	0.0048989276	-0.2962577	-0.4303836	0.3562154	0.2352975	0.054172486	-0.035839528	-0.1041109	0.04704198	-0.030758327	-0.34509355	-0.45161572	-0.34282398	0.6883345	0.3919183	0.16599861	0.03579957	0.27069467	0.0954266	0.34871697	-0.073633686	-0.19255324	-0.10627045	-0.23931709	0.06432347	-0.028306881
0.40398368	0.06632357	-0.5640444	-0.18979566	-0.002966864	-0.32347146	-0.4685162	0.40657517	0.27293834	0.06643147	-0.058798168	-0.096847005	0.04250851	-0.006231801	-0.37667036	-0.51110756	-0.3773236	0.7505564	0.4291365	0.19890256	0.023468068	0.2706451	0.10557495	0.37020192	-0.080025695	-0.22460459	-0.0888896	-0.23313378	0.06676392	-0.03186224
0.42102468	0.05773919	-0.562946	-0.20339857	-0.027556082	-0.34515676	-0.48845872	0.40781605	0.26214135	0.07269271	-0.04990374	-0.11753424	0.03335158	-0.03155797	-0.39556494	-0.5183623	-0.38505659	0.7519962	0.43042922	0.19718653	0.02514985	0.27937272	0.12571865	0.38158044	-0.08358163	-0.20664564	-0.09299596	-0.2640707	0.06881137	-0.009752407
0.40119857	0.05659136	-0.54685754	-0.22571369	-0.018346192	-0.3415117	-0.49827042	0.40034726	0.26220956	0.051401634	-0.058903243	-0.11817258	0.048522323	0.00010465727	-0.38267264	-0.50726604	-0.39339206	0.7573862	0.4414786	0.18860556	0.019142007	0.28184453	0.10431377	0.36945686	-0.08621028	-0.23378715	-0.10766192	-0.2669127	0.08023339	-0.031511325
0.39801648	0.071135715	-0.56630033	-0.21568462	-0.018399602	-0.3381767	-0.4811047	0.4165198	0.27483195	0.05739046	-0.05703991	-0.11996644	0.035437603	-0.0059490073	-0.39785835	-0.49626243	-0.41249466	0.7389619	0.42827067	0.17784975	0.019063009	0.27045766	0.10594994	0.37825358	-0.0770198	-0.21048611	-0.09842301	-0.24641472	0.07478289	-0.024268249
0.3952288	0.06382199	-0.54971445	-0.20254116	0.0048586573	-0.34123144	-0.46239185	0.37674546	0.2699325	0.057669945	-0.06753441	-0.11367347	0.037832096	-0.026402289	-0.3970526	-0.50669366	-0.3884553	0.74483854	0.41964325	0.18337296	0.031048872	0.28515038	0.10061992	0.34900063	-0.0868784	-0.22940524	-0.115477756	-0.24427044	0.07650013	-0.03160181
0.3210259	0.061078355	-0.45571455	-0.18478072	0.001048182	-0.27693227	-0.39784628	0.32655385	0.22360322	0.034593415	-0.03722975	-0.09082027	0.020798627	-0.014836293	-0.3124161	-0.42295343	-0.31216946	0.609007	0.32850033	0.16333422	0.033374745	0.24422458	0.089726724	0.30664697	-0.075270616	-0.17264442	-0.071611114	-0.19811909	0.053229786	-0.010497127
0.43541366	0.05715152	-0.60751694	-0.21379659	-0.0028727488	-0.35855553	-0.5355558	0.44174322	0.29217184	0.057353064	-0.0476047	-0.106165685	0.047388554	-0.025181489	-0.417154	-0.54616976	-0.44132084	0.821033	0.47372162	0.20940045	0.02766993	0.30433103	0.11242205	0.4094696	-0.10304915	-0.23893872	-0.10216484	-0.27159312	0.075086415	-0.041122995
0.45887366	0.07708014	-0.62099236	-0.20949449	-0.009128549	-0.36824122	-0.5291704	0.43930668	0.28724375	0.06914698	-0.05199893	-0.10549648	0.032798428	-0.019962244	-0.4142248	-0.5565296	-0.4192241	0.8290612	0.44353878	0.18881856	0.024037493	0.32940885	0.12765284	0.40951234	-0.10894235	-0.23108654	-0.10815954	-0.2763289	0.077386014	-0.040684417
0.4137673	0.04283325	-0.5530794	-0.20662235	-0.008384523	-0.3135879	-0.46417427	0.38407382	0.26977128	0.067458645	-0.04666371	-0.11664267	0.030504432	-0.005263251	-0.38052878	-0.4815048	-0.37692755	0.7140131	0.40862918	0.17717953	0.03450198	0.28750387	0.11261367	0.35677707	-0.07154885	-0.2067154	-0.11956619	-0.22853684	0.096676186	-0.014495747
0.43065763	0.061415598	-0.56823105	-0.23291938	-0.0008115038	-0.34931245	-0.5043049	0.41922587	0.299058	0.04431959	-0.057897184	-0.109121494	0.039276168	-0.002966161	-0.41288632	-0.5372573	-0.40674558	0.7914442	0.45650795	0.2115616	0.021113712	0.2915164	0.129216	0.37690055	-0.08777725	-0.23103677	-0.10113416	-0.27904606	0.087188095	-0.009169016
0.4044268	0.05410322	-0.5551266	-0.19297495	-0.023998903	-0.3490124	-0.5032528	0.41578075	0.27306086	0.06388451	-0.07005815	-0.10518743	0.022616094	-0.018759377	-0.39932582	-0.5063336	-0.39564335	0.73969966	0.43108565	0.19860671	0.023763146	0.30043364	0.10999824	0.3660135	-0.105311096	-0.2153382	-0.11425485	-0.2556699	0.070138805	-0.01599642
0.44697988	0.06341773	-0.5757562	-0.2033308	-0.003994516	-0.36163026	-0.49891064	0.4415121	0.2939801	0.07910738	-0.05598176	-0.12813932	0.0396111	-0.008846176	-0.42075196	-0.5302536	-0.4340476	0.7976158	0.4591228	0.18814515	0.040796362	0.30429024	0.13324282	0.39638236	-0.08508204	-0.21995816	-0.11268235	-0.27180317	0.073647626	-0.019908585
0.3854635	0.06010814	-0.54154146	-0.18396488	-0.004173244	-0.32335117	-0.46611586	0.38547903	0.24283002	0.068767	-0.052589428	-0.102327615	0.023506498	-0.031790312	-0.37057534	-0.4682665	-0.39406547	0.72650355	0.40984207	0.17765494	0.017397098	0.2864645	0.11007991	0.34769467	-0.10164594	-0.20238754	-0.097910956	-0.22497676	0.09163758	-0.0069025517
0.42553347	0.050373964	-0.562198	-0.21305583	-0.014053643	-0.35141584	-0.49280217	0.39400402	0.2864338	0.055485222	-0.051321123	-0.11536427	0.040134765	-0.03141835	-0.40680423	-0.49620098	-0.3956065	0.7477485	0.42386276	0.19403397	0.04468886	0.2749672	0.13079894	0.36972463	-0.08560882	-0.22576709	-0.09741052	-0.26539907	0.09124815	-0.019616839
0.4585817	0.06812052	-0.6198257	-0.23323917	-0.01986775	-0.36563665	-0.5254969	0.44049865	0.29102242	0.06386447	-0.06294145	-0.12507924	0.055267546	-0.00080892787	-0.43629885	-0.5477153	-0.4481324	0.82580376	0.4731677	0.21071316	0.022553539	0.30694515	0.13307245	0.41939375	-0.10297959	-0.2521545	-0.1012966	-0.26477152	0.10754054	-0.018431084
0.45035774	0.05184341	-0.601298	-0.23134373	-0.0010367348	-0.37045202	-0.49773556	0.42887044	0.3017672	0.048547067	-0.063180186	-0.1101592	0.055340484	-0.024291737	-0.39896703	-0.5380115	-0.41124517	0.77801853	0.45035088	0.20316294	0.022810811	0.302969	0.109866835	0.38568082	-0.099984616	-0.23195256	-0.10222406	-0.26716873	0.10130252	-0.037185583
0.44461668	0.05596133	-0.58559394	-0.207373	0.0016426188	-0.37490067	-0.52455443	0.4377499	0.30529624	0.051070496	-0.04525599	-0.11924821	0.047760915	-0.028675131	-0.42423344	-0.5300413	-0.4295578	0.80859756	0.44159988	0.21505874	0.048911765	0.32184136	0.11216647	0.38908982	-0.11146127	-0.21925926	-0.12839913	-0.2815474	0.09798403	-0.042017173
0.41949922	0.07313665	-0.5578873	-0.2085769	-0.018357731	-0.34071815	-0.4958955	0.41016698	0.28398976	0.052439608	-0.04798305	-0.0913779	0.04476965	-0.012876448	-0.39907157	-0.5221752	-0.41229257	0.74962616	0.42234144	0.19192594	0.028593164	0.30225918	0.12189285	0.3632135	-0.09694384	-0.2216294	-0.11529038	-0.24149896	0.08676173	-0.009067852
0.4427462	0.07385513	-0.5741536	-0.21637312	-0.018082956	-0.33792803	-0.5005298	0.41940027	0.28596678	0.056044307	-0.07478695	-0.097657554	0.043646622	-0.021712078	-0.41701594	-0.5299645	-0.42753306	0.78647536	0.440376	0.19113518	0.030799655	0.31571248	0.13455765	0.3977641	-0.100486875	-0.21317899	-0.12871183	-0.2580819	0.08217276	-0.018242724
0.37763745	0.066233695	-0.524466	-0.2032657	-0.025517004	-0.30788112	-0.46540004	0.37467954	0.24542342	0.068169095	-0.045391116	-0.105255246	0.053068727	-0.0017699425	-0.3794363	-0.46871236	-0.3762791	0.7041261	0.40188706	0.17422602	0.021812527	0.28366745	0.10160347	0.36642265	-0.100564994	-0.20694734	-0.09881861	-0.24540645	0.08113315	-0.02466107
0.41530415	0.041969616	-0.5605624	-0.20992966	0.0052857124	-0.3250524	-0.48196435	0.40004435	0.27954066	0.06957352	-0.053566504	-0.09465041	0.038240068	-0.014084146	-0.3811159	-0.51086813	-0.38647112	0.76117885	0.42960128	0.17415996	0.029800765	0.29079273	0.11537861	0.3593358	-0.097724415	-0.21483621	-0.09631085	-0.26410758	0.09001408	-0.035733193
0.38085765	0.041489042	-0.48459736	-0.19712701	-0.0038560005	-0.29613328	-0.42657396	0.36577058	0.24012882	0.051415976	-0.047122307	-0.087119244	0.03807123	-0.023243463	-0.36319003	-0.44218072	-0.3458929	0.6502262	0.36422727	0.17605458	0.030898355	0.25735635	0.10122353	0.34450307	-0.08299236	-0.17719933	-0.0973957	-0.23935767	0.081818685	-0.032605655
0.40501684	0.060965776	-0.5243275	-0.20771676	-0.016552316	-0.32353956	-0.4501133	0.3836292	0.26806852	0.05157766	-0.055127244	-0.11236983	0.024794145	-0.024173133	-0.38113952	-0.4807969	-0.37176067	0.6969797	0.38424072	0.17803064	0.042108856	0.2603739	0.121207766	0.34169328	-0.07681178	-0.21818061	-0.097877406	-0.2250109	0.06473041	-0.011563182
0.41281807	0.061252482	-0.5448339	-0.2003451	-0.0150507325	-0.32104367	-0.46723762	0.38299224	0.25924134	0.06427465	-0.072013095	-0.10520434	0.04233493	-0.01614095	-0.39532927	-0.5156551	-0.3768517	0.73238766	0.42833042	0.19855712	0.03197839	0.28659528	0.11279857	0.3646439	-0.09342432	-0.19993277	-0.11253213	-0.24180451	0.071903504	-0.007816954
0.37380078	0.062895864	-0.49722353	-0.18655054	0.0025841924	-0.2896307	-0.45082438	0.36468184	0.26379785	0.062169455	-0.049676202	-0.09017456	0.03967716	-0.0035178438	-0.3649337	-0.466341	-0.36172634	0.6878502	0.3912576	0.16803642	0.019579882	0.26225218	0.098079845	0.32273296	-0.08777152	-0.18317237	-0.08793706	-0.22320497	0.07615447	-0.03311671
0.30029586	0.046037916	-0.40238574	-0.13894093	0.006259032	-0.22493795	-0.35483968	0.283748	0.20126021	0.051491596	-0.044395167	-0.07935048	0.02655715	-0.0040956317	-0.28476298	-0.36457145	-0.2995326	0.51507604	0.29234213	0.12094578	0.022762798	0.21561456	0.067956395	0.25086984	-0.06463109	-0.14049777	-0.07468378	-0.18550715	0.05963239	-0.024215557
0.4000292	0.06605658	-0.55668813	-0.2099394	-0.01980829	-0.3421043	-0.47486985	0.41594887	0.28563467	0.05350811	-0.070763424	-0.11047614	0.02266028	-0.027405787	-0.3818264	-0.51618207	-0.38885617	0.7660751	0.43004185	0.17737658	0.045258198	0.28701916	0.10329711	0.3875247	-0.08697782	-0.22907384	-0.10669506	-0.24051936	0.080482714	-0.020771071
0.41561675	0.043544713	-0.5585153	-0.19851156	-0.025704423	-0.34175876	-0.49220082	0.3990502	0.26444316	0.073435955	-0.07206074	-0.11448211	0.02429454	-0.029171232	-0.39339903	-0.4964094	-0.3916637	0.7432265	0.40007442	0.17134294	0.045453772	0.27062726	0.11592083	0.36274523	-0.09886122	-0.22765654	-0.11805982	-0.26368004	0.08683312	-0.02123992
0.4055666	0.063314475	-0.5683178	-0.20827585	-0.021090427	-0.3496885	-0.5060025	0.40491554	0.2668815	0.06481161	-0.06636316	-0.09071575	0.0433506	-0.027004853	-0.40588573	-0.52239305	-0.4117104	0.7453441	0.43477148	0.1781739	0.028673602	0.28362682	0.12522481	0.37871602	-0.09126352	-0.21206844	-0.09313041	-0.25481865	0.098253146	-0.031687636
0.37782013	0.050351944	-0.5188798	-0.18529542	0.0005954542	-0.28808153	-0.42565495	0.37182572	0.24408776	0.06435131	-0.06370884	-0.09633568	0.022879042	-0.012857279	-0.35175103	-0.46705043	-0.37663883	0.69006354	0.3748129	0.18515433	0.04014268	0.27275148	0.08946794	0.33360204	-0.07628278	-0.2047902	-0.085908346	-0.21694386	0.08044653	-0.007229761
0.42409116	0.061498027	-0.5596174	-0.21722192	-0.027005881	-0.32890517	-0.49887726	0.4043015	0.27419809	0.043232076	-0.055779103	-0.116754055	0.05097812	-0.0051622125	-0.41180748	-0.5093	-0.3953321	0.7698883	0.40998316	0.19595881	0.02468114	0.28430825	0.11665728	0.36255726	-0.09373961	-0.23385668	-0.09326719	-0.23779947	0.093513094	-0.013650502
0.42279515	0.055690743	-0.53908134	-0.21352847	-0.023994215	-0.3363245	-0.49667448	0.4074408	0.28512615	0.06358059	-0.04999999	-0.09914597	0.044044532	-0.006251334	-0.38212177	-0.48786783	-0.39398474	0.7426042	0.4379294	0.18835355	0.029649328	0.28805226	0.10807033	0.36002654	-0.08386771	-0.21509932	-0.09818294	-0.23774944	0.08443527	-0.020976042
0.39107245	0.06511828	-0.52704126	-0.20494571	0.0048188204	-0.31502604	-0.47050923	0.4037773	0.25642598	0.07200841	-0.05214234	-0.09903905	0.052100923	-0.011848961	-0.37043047	-0.49462926	-0.38979802	0.72544384	0.40881115	0.1909545	0.023718443	0.28414837	0.10547708	0.3733506	-0.09408126	-0.20832013	-0.11913068	-0.24239625	0.07065999	-0.01616152
0.4041114	0.047444552	-0.5568507	-0.18889803	0.00024422575	-0.32580385	-0.47657168	0.3999337	0.25038418	0.05179162	-0.04057872	-0.08994057	0.054586027	-0.0037432844	-0.39871517	-0.48658845	-0.3858617	0.7492863	0.42783868	0.19927561	0.029285515	0.2707046	0.10789251	0.37841183	-0.0718809	-0.22744948	-0.109758504	-0.24380518	0.08829001	-0.014797407
0.4205219	0.045020256	-0.544802	-0.22444524	-0.010751386	-0.34649053	-0.50012124	0.39036888	0.26869747	0.06737921	-0.063822575	-0.111708306	0.033688817	-0.013107481	-0.40914783	-0.49477187	-0.40838176	0.7663174	0.41568986	0.18138616	0.023081927	0.30238622	0.12541653	0.37825504	-0.09552335	-0.22313353	-0.101908974	-0.26993462	0.080782704	-0.037203215
0.37188837	0.054679427	-0.5170288	-0.19518077	-0.021128276	-0.32928956	-0.46970692	0.37414283	0.24207114	0.061932318	-0.056206807	-0.097598456	0.0415948	-0.023446448	-0.37490967	-0.48017305	-0.382317	0.7194867	0.38894057	0.17175566	0.028111456	0.28380704	0.10158712	0.35838595	-0.0933477	-0.21372521	-0.10609207	-0.24798754	0.07648219	-0.027300524
0.38888395	0.046157543	-0.5366586	-0.19921991	0.002589728	-0.33087486	-0.4680653	0.38786834	0.2558685	0.050942864	-0.053141337	-0.09230968	0.022000307	-0.0070443596	-0.39584717	-0.48071674	-0.4054128	0.738258	0.39850014	0.17863339	0.03494907	0.2882754	0.11589012	0.3513774	-0.097080216	-0.20577243	-0.10768032	-0.26079214	0.09471814	-0.038916834
0.28386846	0.040088776	-0.3939054	-0.13438115	0.0023970038	-0.22484449	-0.3263549	0.28868708	0.2008246	0.04465921	-0.03548027	-0.08461077	0.034708634	-0.008197828	-0.26866704	-0.34869897	-0.2611353	0.5084132	0.28136563	0.11257747	0.009435972	0.20831291	0.07330061	0.24214709	-0.07162404	-0.1557406	-0.07799935	-0.17948806	0.050890714	-0.014857289
0.34798253	0.053610366	-0.49895316	-0.19633536	0.0054959245	-0.2791799	-0.4186659	0.35165676	0.2516695	0.044014398	-0.06580006	-0.07678852	0.024392067	-0.028131526	-0.34688696	-0.44329762	-0.33301473	0.6633877	0.3577274	0.14978701	0.03325484	0.26729962	0.10539437	0.31462887	-0.07741838	-0.17831352	-0.080211654	-0.21346533	0.08819586	-0.021304246
0.38699776	0.065091066	-0.52010727	-0.20217001	-0.003037511	-0.30011007	-0.45231837	0.36149544	0.2453211	0.04403724	-0.060130455	-0.09331509	0.03390961	-0.0134541355	-0.3556256	-0.4675154	-0.36137044	0.6906636	0.403166	0.1776785	0.013572853	0.2672049	0.11485922	0.3453155	-0.09380304	-0.19622375	-0.10261164	-0.22340612	0.068609186	-0.010955112
0.41251495	0.042981856	-0.5550496	-0.1900229	-0.0058821826	-0.3299429	-0.46961063	0.39157066	0.26559827	0.054522857	-0.0707113	-0.115420096	0.0410081	0.0002668403	-0.3953942	-0.5042904	-0.40124178	0.72321606	0.41944715	0.17060208	0.03578103	0.29402012	0.096008874	0.37476504	-0.07289074	-0.21028669	-0.1029847	-0.24029587	0.08966594	-0.009084574
0.372162	0.061475366	-0.49549142	-0.20484312	-0.005684353	-0.3035878	-0.42750517	0.38537064	0.2638259	0.04384339	-0.04800563	-0.09266019	0.0468094	-0.008421481	-0.34353974	-0.46435884	-0.3558938	0.7014485	0.38668433	0.17585704	0.033100314	0.27047434	0.11174184	0.33715665	-0.0805978	-0.19534451	-0.10550652	-0.24750659	0.06774167	-0.026924383
0.42463303	0.049110856	-0.575698	-0.2187782	-0.0070664464	-0.34097654	-0.49945822	0.42562324	0.2884992	0.07150886	-0.06973704	-0.0987967	0.039163593	-0.026647024	-0.4050969	-0.51545286	-0.41199037	0.7714728	0.44094723	0.18348877	0.039100222	0.29692748	0.1105437	0.371319	-0.0914807	-0.21195516	-0.1139104	-0.2646276	0.07227328	-0.028965969
0.37984875	0.06607628	-0.5379957	-0.19151177	-0.0025970247	-0.31561166	-0.47231182	0.36992025	0.26515296	0.0478331	-0.043100797	-0.10114714	0.019687349	-0.012761826	-0.36700448	-0.47682825	-0.38051435	0.72162455	0.4136536	0.18273664	0.034022555	0.25402486	0.09296402	0.36693272	-0.06747347	-0.20163044	-0.11024691	-0.2263188	0.06885176	-0.0069483574
0.40261436	0.061401512	-0.5664066	-0.2008392	0.0027441615	-0.31713933	-0.49415824	0.41190234	0.27551904	0.050795835	-0.05167238	-0.091425665	0.030078307	-0.022439484	-0.3942394	-0.51651585	-0.38744414	0.73405534	0.41386792	0.18690465	0.046639383	0.26788202	0.09599893	0.36359954	-0.09902015	-0.23158796	-0.12262128	-0.2556737	0.09440946	-0.015300653
0.421735	0.056783605	-0.5695319	-0.19398423	-0.022963613	-0.3400621	-0.4999161	0.40873167	0.2825631	0.054360174	-0.067191936	-0.10852537	0.03487887	-0.001416154	-0.3991124	-0.49841526	-0.40081835	0.7381844	0.43756998	0.18198058	0.028985845	0.29840702	0.112686984	0.37672293	-0.07338702	-0.22614913	-0.10706224	-0.24408112	0.07566718	-0.034425985
0.32931	0.05072611	-0.46690744	-0.16807003	-0.022387996	-0.26089355	-0.38491657	0.33982566	0.21612918	0.04731243	-0.055416957	-0.09032283	0.022335006	-0.0195039	-0.31826046	-0.4140401	-0.32788315	0.61292976	0.3363803	0.15925817	0.033209205	0.23715301	0.08645386	0.30771437	-0.0687662	-0.18436323	-0.08233388	-0.21664682	0.07166673	-0.01675606
0.3698258	0.036440562	-0.5075974	-0.19484906	0.0030969942	-0.29755428	-0.43268177	0.36969993	0.25381377	0.040956344	-0.0483528	-0.09116341	0.019496717	-0.010126225	-0.3532624	-0.468822	-0.37463927	0.68524057	0.36568493	0.16270925	0.015432172	0.27188563	0.087268725	0.32727426	-0.07773516	-0.20589256	-0.084503815	-0.24125153	0.077099875	-0.03765633
0.3223172	0.059082545	-0.4381155	-0.14576069	-0.021753885	-0.26580244	-0.36312056	0.32106122	0.21330519	0.037380602	-0.048795976	-0.08902266	0.015025639	-0.01603338	-0.29960513	-0.38759387	-0.3182135	0.57283646	0.33817947	0.14062177	0.030090816	0.23486328	0.09570097	0.28883997	-0.05874905	-0.17838609	-0.09226411	-0.19861773	0.077091716	-0.014075696
0.39499256	0.04259346	-0.5479637	-0.19508827	-0.01864382	-0.33512315	-0.45812556	0.38504198	0.2740324	0.04544974	-0.05758083	-0.114895895	0.029691208	-0.02163237	-0.4002078	-0.48287296	-0.38875663	0.72653854	0.42719677	0.17446919	0.027899018	0.27839708	0.12066437	0.3710106	-0.082488194	-0.20135623	-0.1163935	-0.25928187	0.085674345	-0.021762745
0.29784855	0.02971364	-0.40401202	-0.14436787	0.0055501303	-0.25021854	-0.33492294	0.27609178	0.1952559	0.052431114	-0.026607687	-0.058940195	0.020965777	-0.0032805523	-0.29462162	-0.35131934	-0.26777974	0.54351324	0.28580153	0.12124714	0.032846376	0.20253822	0.096455775	0.27501205	-0.05765359	-0.16605197	-0.078886084	-0.19116274	0.04689696	-0.025136182
0.39498016	0.0414218	-0.5333882	-0.21125884	-0.018270977	-0.3079176	-0.47096333	0.38622463	0.26897293	0.04952111	-0.043260064	-0.09553451	0.051879764	0.0013511631	-0.36977744	-0.46698853	-0.36506942	0.7065073	0.3916896	0.1894585	0.03686801	0.27997318	0.111500844	0.35118297	-0.09782951	-0.22281481	-0.084879816	-0.24586064	0.08032866	-0.037536174
0.38813153	0.05201712	-0.5479907	-0.21387959	-0.0033924794	-0.30736426	-0.47886688	0.3780621	0.25276795	0.045314796	-0.038517177	-0.10340638	0.029105557	-0.01621764	-0.38664356	-0.49194494	-0.3800391	0.7163126	0.42155847	0.1797755	0.042750135	0.28089207	0.10550231	0.34618637	-0.08543643	-0.21678324	-0.10329118	-0.23752536	0.08621599	-0.037972853
0.41671604	0.069122896	-0.55221957	-0.22366157	-0.01789177	-0.34787938	-0.4806552	0.3928585	0.27296776	0.066431105	-0.06554336	-0.11916749	0.044076934	-0.015182696	-0.38695654	-0.5094809	-0.414686	0.7661083	0.42348588	0.19873792	0.044981346	0.27452928	0.12617452	0.3691786	-0.101944536	-0.21327043	-0.09415019	-0.24036306	0.08381338	-0.014963184
0.35821536	0.031910807	-0.4531096	-0.17776175	-0.010285714	-0.28005973	-0.39102107	0.32511598	0.22665088	0.041103832	-0.06322062	-0.101301946	0.046270166	-0.025743885	-0.33625075	-0.4118688	-0.34015143	0.6247515	0.35949236	0.15533884	0.037287876	0.24140167	0.08509422	0.2987539	-0.08152614	-0.1819643	-0.097645834	-0.22313249	0.078525774	-0.023346039
0.36117077	0.0428909	-0.49436307	-0.176663	-0.02132271	-0.28041267	-0.4023576	0.35045636	0.23836328	0.040529992	-0.060439244	-0.10274178	0.031213371	-0.001442762	-0.32645556	-0.45132163	-0.33556148	0.64397055	0.37538877	0.16572393	0.033113815	0.2488155	0.104027174	0.32920942	-0.08793406	-0.18323965	-0.08699573	-0.21553732	0.059531044	-0.026796725
0.40097272	0.048582457	-0.55855685	-0.22657062	-0.025147378	-0.3437859	-0.48670256	0.40592584	0.25896445	0.04985071	-0.050661832	-0.10652946	0.024432931	-0.0033356913	-0.40159407	-0.50160784	-0.397575	0.7691229	0.4129703	0.17228717	0.02265216	0.28821582	0.10436259	0.35770148	-0.096374646	-0.21953493	-0.09984064	-0.26422882	0.077931345	-0.029521175
0.34871453	0.05169773	-0.44711778	-0.18346801	0.0024833446	-0.2900308	-0.39721972	0.34592012	0.21283045	0.059035268	-0.04859316	-0.08343005	0.035657104	-0.026541157	-0.33547473	-0.41054568	-0.31902927	0.6300337	0.3380884	0.16553926	0.022057474	0.24270733	0.08385594	0.30115935	-0.06548978	-0.17808633	-0.082329385	-0.21677323	0.06024504	-0.026213821
0.34882492	0.042364616	-0.49456966	-0.16611135	-0.004934805	-0.29062244	-0.4097216	0.3530997	0.22607432	0.048726067	-0.042434126	-0.090481155	0.035301883	-0.011228185	-0.35426405	-0.44514614	-0.3582789	0.66679907	0.38237286	0.17886366	0.022677816	0.23644722	0.09574878	0.33039802	-0.09316556	-0.17723876	-0.086969815	-0.22140115	0.07637028	-0.03455252
0.39200294	0.057866365	-0.532649	-0.21127997	0.0062061436	-0.32153887	-0.46595973	0.4010598	0.2576899	0.056904793	-0.0610927	-0.095008254	0.039596807	-0.006239646	-0.37931347	-0.49659452	-0.4036658	0.7310946	0.40588608	0.17783315	0.020650633	0.27672854	0.122135326	0.35432193	-0.08562115	-0.19887568	-0.089870125	-0.24825029	0.0917647	-0.019959759
0.3654414	0.060871582	-0.5052073	-0.17813475	-0.021183971	-0.31326714	-0.4393647	0.37566423	0.24151963	0.050376434	-0.056103442	-0.08686274	0.04011885	-0.022455705	-0.3641364	-0.45860386	-0.35830268	0.68108404	0.38858694	0.17199478	0.032265175	0.2662009	0.115797475	0.35584018	-0.07756537	-0.21944515	-0.11095171	-0.23525882	0.08635449	-0.012330028
0.35937256	0.047035668	-0.5096582	-0.19029346	0.0024142358	-0.31950518	-0.42352387	0.3652062	0.2458304	0.047806323	-0.041791737	-0.09033955	0.028627802	-0.001787043	-0.34712458	-0.46136108	-0.3601963	0.6892948	0.37223825	0.15361631	0.022016227	0.25302786	0.10775253	0.33497113	-0.07786608	-0.1898629	-0.11045745	-0.23752113	0.07296026	-0.034423888
0.32589927	0.028474381	-0.40616477	-0.15961863	-0.009852452	-0.25657457	-0.3632971	0.3020753	0.20463744	0.053982947	-0.056940287	-0.08695904	0.04273511	-0.021064142	-0.2835889	-0.3884329	-0.3006008	0.57035553	0.33176404	0.12592448	0.035411064	0.21968934	0.09835962	0.26662326	-0.07847751	-0.17725645	-0.088492215	-0.20125233	0.064746	-0.025106587
0.35884798	0.052194875	-0.5016399	-0.20016663	-9.05237e-05	-0.30556765	-0.43466002	0.34275687	0.22890626	0.039932985	-0.058559734	-0.09645903	0.02464757	-0.025144966	-0.33476755	-0.44096938	-0.3397467	0.6609322	0.3866712	0.17468439	0.029898128	0.25507966	0.097442314	0.31528184	-0.07788187	-0.20647559	-0.1075679	-0.22916129	0.06851697	-0.0054467195
0.35647726	0.063735	-0.4804416	-0.19437905	-0.0218625	-0.30809814	-0.4268372	0.33541933	0.23072731	0.06577152	-0.058779232	-0.093090534	0.041779626	-0.030362267	-0.34169805	-0.44121954	-0.33268622	0.6521235	0.38319808	0.16803083	0.036115125	0.24007943	0.09363759	0.31242353	-0.06920215	-0.18921265	-0.10025542	-0.20833294	0.063778356	-0.03301927
0.32531315	0.030252783	-0.4084221	-0.15074739	-0.01631148	-0.23809904	-0.35476515	0.3174215	0.19353427	0.04539495	-0.039100856	-0.077597365	0.045661826	-0.021579754	-0.31284532	-0.3680147	-0.31029758	0.5705288	0.31633487	0.14542599	0.030408	0.19923724	0.09130664	0.2948635	-0.06706471	-0.16872868	-0.06698496	-0.17731316	0.061068583	-0.032823995
0.3499893	0.03240477	-0.4565921	-0.16255958	-0.0046393285	-0.25725284	-0.38037953	0.3333396	0.20642179	0.053178534	-0.04257461	-0.098113015	0.024646496	-0.016037209	-0.3205826	-0.4197242	-0.33523405	0.606134	0.33393526	0.15855736	0.033618543	0.23468935	0.084626734	0.28587094	-0.06513728	-0.18657745	-0.09409732	-0.19699904	0.060255058	-0.026050765
0.3590313	0.05424381	-0.4933516	-0.18777856	-0.01967446	-0.28341514	-0.42761445	0.36950666	0.23831794	0.06465747	-0.056161605	-0.1102002	0.022092758	-0.01652952	-0.36458194	-0.45782465	-0.34920934	0.66086024	0.38956493	0.17162073	0.033865456	0.2512649	0.11427967	0.3187334	-0.08302907	-0.18068877	-0.096108265	-0.21113479	0.08850992	-0.015524468
0.33353713	0.05987544	-0.42660555	-0.15706733	-0.0055810185	-0.26074782	-0.38817057	0.30798364	0.22342847	0.059680667	-0.055750176	-0.09809943	0.017755939	0.0013993592	-0.3024911	-0.3973914	-0.30392393	0.591588	0.34090722	0.13149467	0.032437168	0.22772144	0.07259377	0.29340696	-0.074232996	-0.18775055	-0.09949212	-0.18618874	0.061216056	-0.027163919
0.36910483	0.037060753	-0.4800806	-0.18745261	-0.010414935	-0.2941215	-0.42033157	0.33361176	0.2372969	0.05896961	-0.05915272	-0.10152175	0.036274467	-0.025070326	-0.35242286	-0.43030494	-0.32631624	0.6547975	0.3762311	0.14576016	0.033740506	0.2540606	0.10030056	0.32860667	-0.085453585	-0.17474373	-0.105900005	-0.20151629	0.07570573	-0.010302593
0.31217197	0.03216048	-0.4381499	-0.15633601	-0.010700665	-0.26249853	-0.35864004	0.32350907	0.20703588	0.05999181	-0.044728316	-0.0787659	0.022422545	-0.013867438	-0.2883322	-0.39937136	-0.30474082	0.58595586	0.31040466	0.1423603	0.025412325	0.21687524	0.1013803	0.27498803	-0.07849894	-0.15708129	-0.094417885	-0.2039675	0.051262476	-0.021871269
0.40786168	0.06210002	-0.55791694	-0.21938096	-0.0119691	-0.34870237	-0.484008	0.39462486	0.27888548	0.05435395	-0.0588271	-0.10166264	0.03445007	-0.025821457	-0.40748984	-0.51019233	-0.40806618	0.7605257	0.42336935	0.18939954	0.031204175	0.28273255	0.1193296	0.36306065	-0.07242907	-0.2183125	-0.12198479	-0.26445255	0.09866384	-0.032417137
0.33704728	0.037255783	-0.4517124	-0.18235095	-0.011800734	-0.27376282	-0.38337934	0.32886612	0.22632383	0.052217897	-0.032794226	-0.102174096	0.029273843	-0.0066360016	-0.328878	-0.43035144	-0.3323788	0.6026176	0.35108832	0.16606282	0.036069576	0.22569887	0.07931932	0.29381832	-0.07902037	-0.16996756	-0.075385936	-0.19921501	0.05353487	-0.0033159012
0.38675982	0.072606176	-0.53044164	-0.18983045	-0.012412515	-0.34121332	-0.48795637	0.40125746	0.25318825	0.067896865	-0.06911984	-0.08642381	0.04000938	-0.0044664885	-0.38531643	-0.48009247	-0.4050049	0.72222966	0.40996298	0.19264382	0.03548448	0.2877448	0.11183945	0.34813365	-0.07379229	-0.22355099	-0.111639835	-0.23616524	0.09895502	-0.026199631
0.4595008	0.05139581	-0.5968978	-0.22274035	-0.012250611	-0.34832296	-0.51904565	0.41816667	0.28715226	0.056481257	-0.071811855	-0.09875178	0.05139959	-0.015241346	-0.4158539	-0.5300154	-0.4411143	0.8127304	0.4442602	0.20477127	0.04554676	0.3139496	0.1201272	0.40346885	-0.09862147	-0.24120589	-0.09844097	-0.25763804	0.08817801	-0.034785923
0.39053902	0.06964244	-0.5179478	-0.18909627	-0.021547636	-0.30886978	-0.4505663	0.35227442	0.26185906	0.048425168	-0.05800939	-0.101073675	0.040795848	0.0016881675	-0.3543866	-0.47512227	-0.34978586	0.6873771	0.3912353	0.15947306	0.020241197	0.2614644	0.1037639	0.35441267	-0.072944894	-0.20273617	-0.09008816	-0.22830832	0.08807942	-0.028930172
0.3251764	0.04659651	-0.46129283	-0.17069688	-0.016343597	-0.2535546	-0.37475222	0.30852467	0.22415957	0.04142693	-0.03985997	-0.1015611	0.036768537	-0.010597819	-0.3048041	-0.41934192	-0.33569658	0.60025406	0.3491255	0.16615872	0.037662797	0.23175909	0.09353314	0.30766457	-0.05656005	-0.1897159	-0.07612018	-0.20327732	0.066128336	-0.0039056027
0.3090464	0.04052561	-0.40604013	-0.14369923	0.006196413	-0.23329861	-0.36819652	0.30769596	0.20037068	0.034661785	-0.051165488	-0.06714641	0.01942868	-0.024588965	-0.30198058	-0.37861207	-0.29628935	0.5441442	0.32384285	0.15142271	0.017798124	0.20855676	0.070391536	0.27192923	-0.068472914	-0.15207493	-0.0713554	-0.20287213	0.052536536	-0.026131919
0.34533557	0.05438763	-0.45539948	-0.17219469	-0.012032909	-0.25427777	-0.3985362	0.3312303	0.23353331	0.047569897	-0.060006134	-0.08989045	0.030513387	-0.019537438	-0.31685144	-0.39453417	-0.32425746	0.59971225	0.33057004	0.15143399	0.025994008	0.2170106	0.09943672	0.29964906	-0.08320337	-0.17192234	-0.07524109	-0.2050727	0.08224244	-0.015733631
0.38811052	0.07062459	-0.5426375	-0.20028053	-0.018057346	-0.3216694	-0.48903444	0.38028547	0.26553112	0.069927745	-0.05189443	-0.10206717	0.022981523	-0.019137707	-0.38846827	-0.5117574	-0.39045388	0.7291451	0.4216287	0.17470972	0.016088057	0.2794514	0.10245863	0.3638893	-0.077487685	-0.22740352	-0.11948294	-0.24582118	0.08576191	-0.016119432
0.30719516	0.05200126	-0.41900715	-0.1603479	0.004643058	-0.27187142	-0.37201923	0.2987649	0.2167733	0.032063033	-0.060331985	-0.08769133	0.019195138	-0.011834507	-0.29865113	-0.38846663	-0.3197229	0.5799011	0.33082953	0.14068873	0.010577177	0.21185662	0.075104915	0.30054328	-0.053456172	-0.18263136	-0.09067618	-0.18854085	0.07205311	-0.0217071
0.40549445	0.06546313	-0.5295216	-0.1833954	0.0025662489	-0.33206898	-0.4652347	0.38609898	0.2618669	0.07162551	-0.050810385	-0.10326487	0.045524824	-0.017574767	-0.37688744	-0.4951718	-0.38002035	0.70842165	0.39020842	0.19335093	0.037190076	0.28576696	0.10440891	0.33913654	-0.06923715	-0.21193472	-0.08832709	-0.2490188	0.073315285	-0.010867647
0.32748726	0.060069546	-0.4688668	-0.17865774	-0.0024969028	-0.27560493	-0.3966443	0.34400955	0.21619979	0.032679282	-0.04592811	-0.08723333	0.03799029	0.0024023743	-0.332074	-0.42953622	-0.333395	0.62358993	0.35245317	0.16123597	0.02276496	0.24058792	0.09225696	0.32359377	-0.06819657	-0.19650728	-0.07936247	-0.21600123	0.0544091	-0.03170088
0.36096436	0.05928222	-0.4952097	-0.16965559	0.006314129	-0.2762618	-0.41551715	0.3313662	0.22268336	0.057141714	-0.039794464	-0.09487464	0.042039603	0.0016767535	-0.3302066	-0.4485564	-0.33205634	0.6310464	0.3494971	0.14630188	0.013931938	0.2462023	0.09694134	0.33528337	-0.06820703	-0.18782474	-0.09057831	-0.21921302	0.066449344	-0.0057998104
0.3548534	0.064246766	-0.4683505	-0.16419712	-0.026350083	-0.28640276	-0.41879958	0.34366566	0.23588587	0.06312025	-0.03063064	-0.09318301	0.022071682	-0.028969107	-0.32676247	-0.41524664	-0.34020647	0.62196094	0.36891478	0.1685879	0.031815533	0.2506069	0.10900079	0.32170254	-0.072583996	-0.1703652	-0.09950681	-0.20714483	0.06770257	-0.0061759828
0.33783486	0.042873126	-0.4605276	-0.16794515	-0.014830921	-0.27935627	-0.4244732	0.33570853	0.22721694	0.044496354	-0.054173447	-0.099473834	0.03053388	-0.027994337	-0.34620652	-0.41855767	-0.3305013	0.6272153	0.36147985	0.14879656	0.012521333	0.2598782	0.10465893	0.30639076	-0.083790645	-0.18146722	-0.07675618	-0.23107818	0.07832343	-0.021193374
0.41571987	0.058150504	-0.55690694	-0.20347616	-0.020672739	-0.32628644	-0.49629727	0.41491994	0.26919654	0.06111201	-0.06340215	-0.09036268	0.04183453	-0.006028232	-0.40516856	-0.500595	-0.38447762	0.7472544	0.41533098	0.2000636	0.02385912	0.2785884	0.110359736	0.36988133	-0.07268582	-0.21377218	-0.08979238	-0.2649087	0.098752245	-0.031492397
0.38693303	0.048984017	-0.50375104	-0.20132284	-0.008359624	-0.31024876	-0.46857324	0.37346393	0.24008329	0.06704431	-0.040984537	-0.10354759	0.050440248	-0.016818669	-0.36910716	-0.4790523	-0.3721262	0.71106255	0.4095838	0.18661179	0.017375425	0.27901426	0.108108245	0.34287608	-0.0844686	-0.19861835	-0.113458484	-0.23813494	0.08934051	-0.0078717945
0.41221505	0.059615117	-0.5760955	-0.20366228	-0.0055455156	-0.33396035	-0.49986535	0.39449424	0.2898495	0.075078085	-0.07012527	-0.115371384	0.039906833	-0.031967215	-0.38564873	-0.51771855	-0.38656166	0.76499766	0.428574	0.201312	0.019797457	0.27410236	0.11989071	0.3714954	-0.07801865	-0.21286309	-0.11145043	-0.24428691	0.069253005	-0.03072516
0.30210716	0.028298477	-0.37796456	-0.15576293	-0.0027215984	-0.22819085	-0.34714806	0.28910598	0.18088028	0.029245859	-0.03817625	-0.05869625	0.01335121	-0.014427566	-0.2721365	-0.35521945	-0.28110155	0.5392772	0.28841776	0.11558698	0.025929857	0.20074467	0.066870935	0.26302284	-0.076932356	-0.14788295	-0.07381986	-0.18198077	0.04900081	-0.023672301
0.2981987	0.034819603	-0.42595175	-0.14439659	0.0012734404	-0.2646072	-0.37400126	0.29645827	0.22346506	0.051710926	-0.02735658	-0.08184392	0.018218366	-0.028457383	-0.30311635	-0.3973369	-0.30944443	0.5774015	0.32991564	0.1485768	0.032442458	0.20308281	0.089075714	0.27029502	-0.06789501	-0.17136532	-0.07468966	-0.20560497	0.077436246	-0.026383098
0.3862613	0.06061411	-0.50993085	-0.19082889	-0.023443958	-0.31390536	-0.43602836	0.35235015	0.25004306	0.068334185	-0.046405815	-0.09156357	0.046680804	-0.011953248	-0.35224947	-0.44630253	-0.36687204	0.67240614	0.3904124	0.18187943	0.038173914	0.24817744	0.10520775	0.33408937	-0.0698577	-0.20000345	-0.08201349	-0.23211262	0.07790224	-0.0061774473
0.36034316	0.04315627	-0.4837687	-0.17422457	-0.011142238	-0.30322725	-0.40866336	0.36128756	0.23897272	0.05299174	-0.04084966	-0.09506214	0.048830494	-0.023736808	-0.35154355	-0.4230034	-0.33942008	0.63824594	0.3789069	0.17063996	0.044995755	0.2555747	0.104820274	0.31711444	-0.07563041	-0.2034787	-0.10070657	-0.23245381	0.08463587	-0.015831714
0.3721873	0.046699293	-0.4949874	-0.16956341	-0.0065420596	-0.3023083	-0.4436964	0.34204754	0.23097461	0.05153135	-0.046206206	-0.07837007	0.044071134	0.0026712406	-0.34822658	-0.45702922	-0.36462954	0.6541915	0.37181184	0.17114778	0.04524073	0.24104781	0.09390438	0.33454463	-0.093791485	-0.1889126	-0.09130009	-0.22503214	0.067425966	-0.028035417
0.34475687	0.056414545	-0.45729545	-0.16723922	-0.019672096	-0.28611094	-0.4245161	0.35767066	0.21464787	0.037360743	-0.05832515	-0.09637017	0.03850194	-0.008032191	-0.32945287	-0.4365449	-0.33451682	0.6227789	0.37110853	0.15357141	0.024752649	0.24062379	0.1109574	0.3145639	-0.07745559	-0.19500545	-0.08100693	-0.22088474	0.064409986	-0.004372531
0.3845493	0.048628584	-0.5413171	-0.2144326	-0.0122130485	-0.30811274	-0.45200002	0.39921516	0.24733607	0.050564952	-0.043645944	-0.08755045	0.03713319	-0.014765208	-0.39276072	-0.4892385	-0.38061228	0.7077525	0.3970487	0.17686775	0.036604088	0.2595384	0.12537676	0.35380426	-0.07975199	-0.20125115	-0.090212286	-0.23599003	0.09816225	-0.0091848625
0.38981965	0.060296003	-0.52511114	-0.21046507	-0.014518825	-0.3221465	-0.44134575	0.37888578	0.24276915	0.052238666	-0.06870868	-0.093562976	0.028039671	-0.0063394993	-0.365849	-0.48454654	-0.36840788	0.71548635	0.40465525	0.17128278	0.025076393	0.27881208	0.113180466	0.3643032	-0.08882931	-0.22106287	-0.11344936	-0.24423364	0.06543851	-0.01325555
0.3993093	0.053862367	-0.5301865	-0.18411107	-0.00094929215	-0.3182067	-0.47472346	0.38330045	0.25385034	0.05496435	-0.038923524	-0.10578193	0.050582565	-0.022100875	-0.36430478	-0.4748316	-0.3857857	0.7187545	0.39741388	0.16594325	0.03788202	0.2558242	0.09165355	0.36006373	-0.10151165	-0.21053734	-0.08448785	-0.254353	0.06669978	-0.0074936016
0.354049	0.03940062	-0.47612628	-0.1714576	-0.0018508902	-0.2880036	-0.3869335	0.34823543	0.21935804	0.06373136	-0.06376454	-0.093606554	0.03311288	-0.021077929	-0.322202	-0.40944996	-0.324286	0.62141925	0.35505122	0.15087551	0.010359028	0.23452346	0.08173065	0.30352867	-0.076192416	-0.18622282	-0.08665501	-0.22061935	0.05885002	-0.004935233
0.31204855	0.04652378	-0.4186034	-0.16307795	-0.012473919	-0.26706293	-0.37905997	0.29484326	0.21110448	0.03456935	-0.05834113	-0.08364633	0.030364936	-0.019623356	-0.28498363	-0.39622062	-0.2953195	0.57517064	0.32498574	0.13542488	0.039565463	0.23129532	0.09231658	0.2879754	-0.06804834	-0.15375303	-0.09510214	-0.17859896	0.06267369	-0.031422716
0.4028696	0.067475356	-0.5604985	-0.2010441	-0.019783169	-0.33715087	-0.4902623	0.41226962	0.29446456	0.05494744	-0.047803875	-0.105419554	0.0379337	-0.01012462	-0.39469013	-0.5308363	-0.40466595	0.7655875	0.446871	0.17613477	0.01856018	0.28291705	0.12741362	0.36838636	-0.091607906	-0.23585007	-0.11112775	-0.24783826	0.068298064	-0.016201252
0.36886153	0.061171982	-0.5093554	-0.18634415	-0.020083707	-0.29524228	-0.4498347	0.3515317	0.25028396	0.044862013	-0.04467371	-0.09218432	0.045895725	-0.0076494548	-0.3429245	-0.4708708	-0.3676038	0.671169	0.39598718	0.15857562	0.015631186	0.26164678	0.09203754	0.34520847	-0.08093786	-0.20377158	-0.08380366	-0.22463997	0.08630313	-0.008670986
0.3989781	0.0419156	-0.56531745	-0.21434318	-0.018571949	-0.33200273	-0.47336707	0.4068731	0.2775005	0.050300024	-0.056910783	-0.11028345	0.026526013	-0.01743987	-0.41077274	-0.52167755	-0.3930736	0.75320905	0.41686207	0.19237733	0.047495916	0.27075168	0.12654276	0.38499457	-0.089497305	-0.21950457	-0.10187194	-0.23810385	0.100187846	-0.023106413
0.30339575	0.06031527	-0.41520086	-0.14877854	0.004514126	-0.26479685	-0.36624995	0.30835474	0.19285291	0.05443506	-0.037841726	-0.09088381	0.024170307	0.0023401482	-0.31362596	-0.39276934	-0.31552058	0.55740386	0.31485453	0.123837024	0.008128367	0.23073469	0.08580098	0.29477862	-0.073752694	-0.17177758	-0.0910822	-0.20285285	0.053004462	-0.021447917
0.39131388	0.047505774	-0.5213369	-0.17944707	-0.0041614957	-0.30943507	-0.45121711	0.36513868	0.26653263	0.046740588	-0.058816504	-0.10737325	0.02960468	-0.02104815	-0.3522966	-0.46195012	-0.3694267	0.70521784	0.3992192	0.16507368	0.01921103	0.27871263	0.101729974	0.3531606	-0.09504433	-0.19018951	-0.09809856	-0.22101043	0.0949613	-0.013045934
0.45327872	0.05718823	-0.59596467	-0.23700662	-0.016940607	-0.36364502	-0.52988064	0.43275645	0.28372142	0.048618283	-0.047972355	-0.11239224	0.027435185	-0.033013422	-0.43779966	-0.53850025	-0.44210997	0.7952371	0.46248418	0.20014296	0.031916697	0.29771027	0.112369485	0.39663297	-0.10802427	-0.23053412	-0.12026105	-0.2786166	0.09722102	-0.029869495
0.37176242	0.06770253	-0.51226157	-0.19206868	-0.020261863	-0.30357006	-0.44018903	0.38143167	0.26386386	0.06958363	-0.05028108	-0.11424262	0.051110387	-0.027636891	-0.34948102	-0.46769097	-0.36130506	0.70330423	0.37717465	0.15704587	0.045029704	0.26402286	0.090506956	0.35606772	-0.092748836	-0.20132019	-0.10016879	-0.22084148	0.09371971	-0.010038819
0.30333313	0.026875326	-0.38812393	-0.13697885	-0.01890135	-0.2537565	-0.3339502	0.29803956	0.1996089	0.039458077	-0.028347861	-0.0860268	0.027273739	-0.007406177	-0.2839707	-0.36906427	-0.29522678	0.5354145	0.31168398	0.1367791	0.018824585	0.19902533	0.06426547	0.27698287	-0.06944328	-0.14488691	-0.09252612	-0.18092188	0.068551265	-0.0027196389
0.34792683	0.037819695	-0.5029562	-0.17057395	-0.022887845	-0.28827682	-0.43505815	0.3621847	0.22916317	0.035260864	-0.06536125	-0.106225304	0.017583737	-0.019159358	-0.34033653	-0.4518557	-0.359039	0.654433	0.38511905	0.17529729	0.02521268	0.26657453	0.09252889	0.32681796	-0.07475406	-0.20518328	-0.11070046	-0.23578596	0.08787927	-0.023572857
0.3879979	0.06380891	-0.5271883	-0.2016924	-0.023045607	-0.3346152	-0.47143653	0.39315817	0.26649845	0.046527117	-0.059443995	-0.10821085	0.028197268	-0.0010687072	-0.37911946	-0.48055992	-0.3796226	0.7317922	0.41720158	0.16882268	0.015634585	0.27305958	0.098292574	0.36091608	-0.08987287	-0.1972859	-0.11746495	-0.23212536	0.088035285	-0.03392724
0.33580282	0.04549676	-0.45467585	-0.16659656	-0.0076282565	-0.26547065	-0.37845185	0.30939695	0.20504494	0.0302431	-0.042864796	-0.08659111	0.038002282	-0.004516737	-0.29900688	-0.40154397	-0.3057228	0.58698267	0.3296146	0.16331828	0.034844924	0.21009718	0.09893018	0.27711558	-0.08575234	-0.1875598	-0.075744055	-0.20627679	0.07840119	-0.02948816
0.32555094	0.0350511	-0.45348328	-0.15507682	-0.0100908475	-0.26513436	-0.3760711	0.32647634	0.2244255	0.05401652	-0.05558054	-0.085540146	0.029108305	-0.01847001	-0.30022854	-0.39728537	-0.31509796	0.61007506	0.34121805	0.15400961	0.03404768	0.24180746	0.08344192	0.31236553	-0.069575764	-0.17627807	-0.08109094	-0.21554989	0.081042625	-0.019076029
0.41219077	0.056552667	-0.55325544	-0.20316023	-0.024495317	-0.34738365	-0.49461415	0.4206756	0.2708029	0.063109614	-0.0716699	-0.10573962	0.051015817	-0.024251072	-0.38831714	-0.51457644	-0.3967178	0.7672076	0.42181012	0.20143324	0.024501879	0.304081	0.09987796	0.37514934	-0.09667753	-0.21025744	-0.11089046	-0.26644394	0.09405056	-0.01802161
0.33135113	0.055433158	-0.42239186	-0.15696639	-0.011741035	-0.26763484	-0.374646	0.31467706	0.21389915	0.044344787	-0.040040974	-0.07278277	0.01808419	-0.011813057	-0.31372768	-0.39075583	-0.3024136	0.58296305	0.32488677	0.15236244	0.026423957	0.2280376	0.10337643	0.27603486	-0.055164967	-0.15741414	-0.09737032	-0.1832072	0.06762192	-0.0059233806
0.38303187	0.042900275	-0.5201568	-0.19541945	0.0070080026	-0.32323882	-0.4704198	0.38014987	0.24167188	0.0559237	-0.053594463	-0.08855501	0.030947724	-0.017147036	-0.3660556	-0.46784705	-0.37855032	0.7083059	0.38723248	0.1751862	0.03406407	0.26723763	0.10774244	0.3415714	-0.06948869	-0.19721352	-0.09356505	-0.23564878	0.083798714	-0.010244978
0.3445478	0.06215967	-0.47837645	-0.19217238	0.0035810734	-0.30359763	-0.41146958	0.34302038	0.24491125	0.038400013	-0.05675085	-0.07470487	0.0197311	-0.0009842636	-0.34709674	-0.43112558	-0.34329626	0.65736365	0.34889334	0.17641397	0.03683388	0.24002163	0.095205866	0.30552742	-0.061505552	-0.18683504	-0.07539458	-0.21906178	0.06313672	-0.008455715
0.38431686	0.046510722	-0.49354503	-0.17485225	0.0036561198	-0.3117621	-0.42326117	0.3456787	0.22903001	0.06458507	-0.03437226	-0.082237884	0.02702761	-0.030803943	-0.3470502	-0.4659701	-0.3674216	0.6567418	0.37491724	0.16577135	0.03312131	0.24537568	0.108494945	0.33474088	-0.08903199	-0.18283099	-0.112180114	-0.22949705	0.087604746	-0.0149895
0.3155712	0.046066906	-0.40773782	-0.15529709	-0.021840317	-0.25213006	-0.3561897	0.29427895	0.1902438	0.04559699	-0.0357913	-0.08144504	0.011724636	-0.017575275	-0.30493158	-0.37844542	-0.30709553	0.5425973	0.2995504	0.14806643	0.03288804	0.2182039	0.09753701	0.28004375	-0.073145874	-0.14468822	-0.0747495	-0.18882936	0.047579236	-0.008174841
0.39634985	0.05951499	-0.5554287	-0.20427673	-0.020239677	-0.32711664	-0.48684347	0.39638573	0.28002	0.048537936	-0.06703766	-0.098578185	0.038168035	-0.031245599	-0.39348495	-0.50465554	-0.39240712	0.72531956	0.40097782	0.1739858	0.040427994	0.27460605	0.12506631	0.35998285	-0.10308682	-0.22322237	-0.09632824	-0.24677715	0.084245265	-0.012496697
0.47743014	0.08640242	-0.63397276	-0.25871804	-0.027807944	-0.40095377	-0.58041376	0.47985154	0.31322703	0.084923975	-0.074303314	-0.12239237	0.038066782	-0.026000313	-0.46907565	-0.58074903	-0.48635992	0.8736996	0.48486698	0.21952963	0.02071249	0.32569373	0.13895176	0.43669444	-0.09085062	-0.26719707	-0.12119238	-0.29543316	0.10325552	-0.015291896
